molecule_chembl_id,canonical_smiles
CHEMBL267039,O=C(O)C1(CCCCOc2ccc(OCCCCC3(C(=O)O)CCC3)cc2)CCC1
CHEMBL415105,C#CCN(Cc1ccc2nc(C)nc(O)c2c1)c1ccc(C(=O)Nc2ccccc2)cc1
CHEMBL274212,CCOc1cc2c(cc1Cc1ccc(OC)cc1)OCO2
CHEMBL10013,CCSc1ccnc(C[S+]([O-])c2nc3ccccc3n2C(C)OC(C)=O)c1C
CHEMBL418522,O=C(Nc1ccc(C[C@H](/N=c2\c(O)c(O)\c2=N/c2ccccc2)C(=O)O)cc1)c1c(Cl)cncc1Cl
CHEMBL8353,CON(C)C(=O)/C=C1/C(=O)N2C(C(=O)[O-])=C(COC(C)=O)CS[C@H]12.[Na+]
CHEMBL269575,CS(=O)(=O)N[C@@H](C(=O)N1CCC[C@H]1C(=O)NCc1ccc(C(=N)N)cc1)C(c1ccccc1)c1ccccc1
CHEMBL278451,CC(C)(c1ccccc1)C(O)/C=C/[C@H]1CCC(=O)N1CCCCCCC(=O)O
CHEMBL443,Cc1cc(NS(=O)(=O)c2ccc(N)cc2)no1
CHEMBL417260,COc1cccc(OC)c1-c1cccn(C(CN2CCC(O)C2)c2ccccc2)c1=O
CHEMBL12523,CN(C)CCCn1c2c(c3ccccc31)CCN(CCCc1cccnc1)C2
CHEMBL269703,CCC1COC(c2ccc(OCCCCCCCc3cc(C)no3)cc2)=N1
CHEMBL6701,COc1c2occc2c(CN2CCCCC2)c2ccc(=O)oc12.Cl
CHEMBL268615,CS(=O)(=O)O.Nc1nc2ccc(Cl)cc2c2nc(-c3ccoc3)nn12
CHEMBL9868,COc1ccc(Sc2ccccc2NC2=NCCN2)cc1
CHEMBL268952,CCCCC[C@H](O)/C=C/[C@@H]1[C@H]2C(=O)/C(=C/CCCC(=O)[O-])O[C@H]2C[C@H]1O.[Na+]
CHEMBL275873,CN1C[C@H](CNC(=O)OCc2ccccc2)C[C@@H]2c3ccc(C(C)(C)C)c4[nH]cc(c34)C[C@H]21
CHEMBL442527,CC1(C)C=C(C(=O)NCC(O)CNC(=O)Cc2cccs2)C(C)(C)N1
CHEMBL269573,Cc1cc(=O)n(C(=O)OC(C)(C)C)c2c3c(ccc12)OC(C)(C)[C@H](O)[C@@H]3O
CHEMBL15009,C=C(C)n1c(=O)n(Cc2nc3ccccc3n2CCC(C)O)c2ccccc21
CHEMBL9181,O=C(NCC=C(c1ccccc1)c1ccccc1)c1ccnc2ccccc12
CHEMBL14775,COc1ccc2nc(-c3ccccn3)cc(O)c2c1
CHEMBL275333,O=S1(=O)c2cccc3cccc(c23)N1CCCCN1CCCCC1
CHEMBL273530,COc1ccc(Sc2ccc(NC3=NC(C)CN3)cc2)cc1
CHEMBL12938,CSc1ccc(C(=O)c2c(C)n(CCN3CCOCC3)c3ccccc23)cc1
CHEMBL15510,O=c1c(Nc2ccccc2)cccn1C(CN1CCCC1)c1ccccc1
CHEMBL269178,O=C1O[C@H](c2cccc(Cl)c2)[C@@](Cn2cncn2)(c2cccc(Cl)c2)O1
CHEMBL6285,COC(=O)[C@@H](N)CCC(=O)Nc1ccc([N+](=O)[O-])cc1.Cl
CHEMBL8539,CCCC[C@@H](C[C@@H](CCc1cccc(-c2ccccc2)c1)C(=O)N[C@H](C(=O)NC)C(C)(C)C)C(=O)O
CHEMBL12665,Nc1ccc(OC23CC4C5CC6CC4C(C2)C(C6)C5C3)cc1
CHEMBL275331,Cc1c(C)c2ccc(OS(N)(=O)=O)cc2oc1=O
CHEMBL416701,CCCCC(O)(c1ccc(F)cc1)C(O)(Cn1cncn1)c1ccccc1Cl
CHEMBL8562,CC(C)(C)c1cc(/C=C2\CCOC2=O)cc(C(C)(C)C)c1O
CHEMBL9819,CN(C(=O)CN)c1ccc(Cl)cc1C(=O)c1ccccc1
CHEMBL11040,CCOc1ccc(NC2=C(Cl)C(=O)c3ccncc3C2=O)cc1
CHEMBL8070,CCOC(=O)C(CNC(=O)N(C)N=O)NC(=O)c1ccc(N(C)Cc2cnc3nc(N)nc(N)c3n2)cc1
CHEMBL7353,CCCCCNC(=O)NS(=O)(=O)c1cc([N+](=O)[O-])ccc1NC1CCCCC1
CHEMBL269417,O=C1NC(=O)C(CC#Cc2ccccc2Cl)(S(=O)(=O)c2ccccc2)S1
CHEMBL414023,Oc1nc2ccc(Cl)cc2c2nc(-c3ccco3)nn12
CHEMBL269389,COc1nc(C(Cl)(Cl)Cl)c(Cl)c(OC(C)C)c1Cl
CHEMBL274058,Nc1nc(O)c2ncn(C3CCCc4ccccc43)c2n1
CHEMBL15738,CCOc1c(N2CCC(C)(CN)C2)c(F)cc2c(=O)c(C(=O)O)cn(C3CC3)c12
CHEMBL10092,COc1ccc(Cn2c(C(=O)O)c(-c3ccc4c(c3)OCO4)c3cc(OCc4ccccc4)ccc32)cc1
CHEMBL7314,CCCC/C(=C\Cn1oc(=O)n(CC(=O)O)c1=O)c1cccc(OCc2cc(Cl)cc(Cl)c2)c1
CHEMBL13431,CC(C)=CCc1c(O)n(Cc2ccc([S+](C)[O-])cc2)c2nc3c(c(=O)n(C)c(=O)n3C)n2c1=O
CHEMBL276752,Fc1ccc(-c2[nH]ccc3c4ccccc4nc2-3)c(F)c1
CHEMBL7963,Cc1nc(O)ccc1-c1ccc(-n2ccnc2)cc1
CHEMBL269643,O=C1NC(=O)C(CC#Cc2ccccc2)(S(=O)(=O)c2ccc3ccccc3c2)S1
CHEMBL7103,OCCc1ccc(OCCCc2cc3c(cc2O)CCO3)cc1
CHEMBL15281,N#CCCn1c(Cn2c(O)nc3ccccc32)nc2ccccc21
CHEMBL275439,CC1CC2C3CCC4=CC(=O)C=CC4(C)[C@@]3(Cl)C(Cl)CC2(C)[C@@]1(OC(=O)c1ccco1)C(=O)CF
CHEMBL11758,CCOc1cccc2c1C(=O)N(COC(=O)c1c(Cl)cccc1Cl)S2(=O)=O
CHEMBL275622,C[C@@H]1CN(C(=O)N2Cc3c(C(=O)OC(C)(C)C)ncn3-c3cccc(Cl)c32)C[C@H](C)N1
CHEMBL267235,COc1ccccc1C/N=C(\S)c1ccc2cnccc2n1
CHEMBL7036,O=C(OC[C@H]1C[C@@H]2O[C@H]1[C@H]1C(=O)OC(=O)[C@H]12)c1cccc(Oc2ccccc2)c1
CHEMBL7272,CCOC(=O)CCC(NC(=O)c1ccc2nc(N)nc(N)c2c1)C(=O)OCC
CHEMBL9817,CCCc1c(C(=O)NCCCO)cnn1-c1nc(-c2cccc(C(F)(F)F)c2)cs1
CHEMBL10406,CCCCCc1cc(O)c2c(c1)OC(C)(C)[C@@H]1CC[C@H](C)C(O)C21
CHEMBL6944,CCOC(=O)C1=C(O)C(=O)N(Cc2cccs2)C1
CHEMBL9702,CC(C)(C)C(=O)Oc1ccccc1C(=O)c1ccccc1
CHEMBL7722,Cc1cc(-c2c(F)cc3c(=O)c(CC4CCCCC4)cn(C4CC4)c3c2F)cc(C)n1
CHEMBL12115,CC(C)Sc1ccc(CC2CCN(C3CCN(C(=O)c4ccc(Cl)cc4Cl)CC3)CC2)cc1
CHEMBL10631,CC(C)C(=O)C(O)(Cn1cnnc1)c1ccc(Cl)cc1Cl
CHEMBL13221,CCCCCCCCCCCCCC[C@@H]1C(=O)O[C@@H](CO)[C@@H]1OC(C)=O
CHEMBL12225,O=C(O)c1ccc(O)c(C(=O)/C=C/c2ccccc2OCc2ccccc2)c1
CHEMBL266593,CC(=O)OCC1=C(C(=O)O)N2C(=O)[C@@H](NC(=O)CN(OCc3ccccc3)C(=O)c3ccccc3)C2SC1
CHEMBL11895,CC(C)(C)c1cc(C(=O)O)c(O)c(C(=O)/C=C/c2cccc(/C=C/c3ccc4ccccc4n3)c2)c1
CHEMBL11506,O=c1cnn(-c2ccc(S(=O)(=O)Nc3c(F)c(F)c(F)c(F)c3F)c(Cl)c2)c(=O)[nH]1
CHEMBL9622,CCCCCCCCN(C)/N=N/c1ccc(C(=O)O)cc1
CHEMBL274368,COc1cc2c(-c3ccc4c(c3)OCO4)c(C(=O)O)n(-c3ccc4c(c3)OCO4)c2cc1OC
CHEMBL7386,Cc1cc([N+](=O)[O-])ccc1C(=O)OCC(O)CNC(C)(C)C
CHEMBL15262,CCc1nc2ccccc2c(=O)n1CCNC(=O)C1=CC(C)(C)NC1(C)C
CHEMBL268645,O=C(NCCCCCn1ccnc1)c1ccc(Cl)nc1
CHEMBL280297,COc1cc2c(cc1C(F)(F)F)N(C(=O)Nc1cc(-c3ccccc3)cc(-c3cccnc3)c1)CC2
CHEMBL9985,COc1ccccc1COC1(C2=NCCN2)COc2ccccc2O1
CHEMBL8883,Cc1ccc2c(Cl)c(C(=O)NCCCn3ccnc3)sc2c1
CHEMBL13509,C/C=C/Cc1c(O)n(Cc2ccccc2)c2nc3c(c(=O)n(C)c(=O)n3C)n2c1=O
CHEMBL11893,CC(C)Sc1ccc(CC2CCN(C3CCN(C(=O)c4cccc5cc(F)ccc45)CC3)CC2)cc1
CHEMBL10314,CN(C)C[C@@H](NC(=O)c1cc(-c2ccccc2)nc2ccccc12)c1ccccc1
CHEMBL277281,O=C(O)c1cn2c3c(nc(O)c2n1)-c1ccccc1C3
CHEMBL483,C[C@H](Cn1cnc2c(N)ncnc21)OCP(=O)(O)O
CHEMBL275009,COC(=O)CC(c1ccc(OC)c(OC)c1)N1C(=O)c2c(F)c(F)c(F)c(F)c2C1=O
CHEMBL7017,c1ccc2c(c1)CCCc1nc(-c3ccncc3)[nH]c1-2
CHEMBL266882,COc1cc(NP(=O)(OC)OC)ccc1Nc1c2ccccc2nc2cc(Br)ccc12
CHEMBL6654,CCC1Nc2cc3oc(=O)cc(C(F)(F)F)c3cc2CC1C
CHEMBL10986,CC(C)[C@@H](CN1CC[C@@](C)(c2cccc(O)c2)[C@@H](C)C1)NC(=O)CCc1ccc(O)cc1
CHEMBL12560,CC(S(=O)(=O)c1ccc(Cl)c(Cl)c1)S(=O)(=O)C(F)(F)F
CHEMBL10486,CCN(CC)CCOc1ccc(C(=O)c2c(-c3ccc(O)cc3)sc3cc(O)ccc23)cc1
CHEMBL7555,CCC(CC)Nc1cccnc1N1CCN(C(=O)c2cc3ccccc3[nH]2)CC1
CHEMBL267808,Cc1cc(C23CC4CC(CC(C4)C2)C3)nc2ccccc12
CHEMBL14549,c1ccc(Cc2ccc(OCCn3cnc4ncnc-4c3)cc2)cc1
CHEMBL273948,COc1ccc(C2(O)OC(=O)C(c3ccc4c(c3)OCO4)=C2CC2CCCCC2)cc1
CHEMBL267384,Cc1cc(C(C)(C)C)nc2c(C(C)(C)C)cccc12
CHEMBL273484,O=C(O)CN1C(=O)c2cccc3cc(C(=O)CBr)cc(c23)C1=O
CHEMBL274819,CCCOC(=O)C1C2C(=O)CC(c3ccc(OCC(=O)O)cc32)C1C(=O)OCC[Si](C)(C)C
CHEMBL12765,CCCN1[C@@H]2CC[C@H]1C[C@@H](N(c1ccccc1)c1ccc(C(=O)N(CC)CC)cc1)C2
CHEMBL266304,O=[N+]([O-])O[C@@H]1CO[C@H]2[C@@H]1OC[C@H]2N1CCN(CCCSc2ccccc2)CC1
CHEMBL10465,O=C(NC(Cc1ccccc1)C(=O)CCC(=O)N1CCCC1C(=O)O)c1ccccc1
CHEMBL8307,CC(=O)OCC1=C(C(=O)[O-])N2C(=O)/C(=C/C=O)[C@H]2SC1.[Na+]
CHEMBL10556,CC(C)(C)C(=O)Oc1ccc(C(=O)c2ccccc2)c(OC(=O)C(C)(C)C)c1
CHEMBL441952,O=c1cc(-c2cccc(OC(F)(F)F)c2)oc(O)c1SCc1ccccc1
CHEMBL14726,COc1cc2c(cc1C(F)(F)F)N(C(=O)Nc1ccc(Oc3cccnc3)nc1)CC2
CHEMBL10273,COc1ccc(N2CC(O)=C(C(=O)Nc3ccc(OCCCCCCCC(=O)O)cc3)C2=O)cc1
CHEMBL15180,CC1CN(C(=O)N2Cc3c(C(=O)OC(C)(C)C)ncn3-c3ccc(Cl)cc32)CCN1
CHEMBL276671,Cc1cc(C)cc(-c2cc(O)c(Sc3ccccc3C(C)C)c(=O)o2)c1
CHEMBL14906,CC1CC/C(=N\Nc2ccc(C(F)(F)F)cc2)c2ncc(C(=O)O)c(=O)n21
CHEMBL12187,CN1CCN(C(CN2CCN(CCC(=O)c3ccccc3)CC2)c2ccc(F)cc2)CC1
CHEMBL11705,COC(=O)Nc1nc2cc(C(=O)Nc3nc4ccc(OC)cc4s3)ccc2[nH]1
CHEMBL9627,Cc1cn(C2CC(O)C(CN(C)C(=O)CCl)O2)c(=O)[nH]c1=O
CHEMBL8343,CC(=O)OCC1=C(C(=O)[O-])N2C(=O)/C(=C/C(C)(C)C)[C@H]2SC1.[Na+]
CHEMBL276897,CCCCN(C)C(=O)CCCCCCCSC(Cc1ccc(O)cc1)c1ccc(OC)cc1
CHEMBL274654,Cc1[nH]c(/C=C2\C(=O)Nc3ccccc32)c(C)c1CCC(=O)O
CHEMBL267288,CCOc1ccc2[nH]c(C(=O)c3cc4ccccc4[nH]3)cc2c1
CHEMBL415478,Cc1oc(-c2ccc(C(F)(F)F)cc2)nc1COc1cccc(CCCn2oc(=O)[nH]c2=O)c1
CHEMBL269139,Cc1cc(-c2c(F)cc3c(=O)c(Cc4cc(O)ccc4O)cn(C4CC4)c3c2F)cc(C)n1
CHEMBL8818,CCCCCC(O)c1cccc(OCc2ccccc2)c1
CHEMBL8812,Cc1cn(CCCNC(=O)c2cc3cc(Cl)ccc3[nH]2)cn1
CHEMBL418535,O=C(NCc1ccn(-c2cc3nc(O)c(O)nc3cc2[N+](=O)[O-])c1)Nc1ccncc1
CHEMBL15493,C=C(c1ccccc1OCC(O)CN1CCCC1)n1ccnc1
CHEMBL414401,CCc1nnc2c(NC3CCC3)nc3ccccc3n12
CHEMBL275442,CCCc1cc2c(=O)n(N)c(SCCCN3CCN(c4ccccc4OC)CC3)nc2s1
CHEMBL11896,CCCN(CCC)C1Cc2cccc3c2N(C1)C(=O)C3
CHEMBL14960,CNCC1CCN(c2cc3c(cc2F)c(=O)c(C(=O)O)cn3C(C)(C)C)C1
CHEMBL274125,CCN(CC)C(=O)c1ccc(N(c2ccccc2)[C@@H]2C[C@H]3CC[C@@H](C2)N3)cc1
CHEMBL14348,CCCCC(=O)c1ccc(OCCCN2CCC(c3noc4cc(F)ccc34)CC2)c(OC)c1
CHEMBL10239,CCCC(C)(C)C(=O)Oc1ccc(C(=O)c2ccc(OC(=O)C(C)(C)CCC)cc2)cc1
CHEMBL274687,Brc1noc(C2CN3CCC2CC3)n1
CHEMBL6249,Cc1ccc(Sc2cncc3sc(/C=N/Oc4ccccc4)cc23)cc1
CHEMBL7945,NC1=NC(c2ccc(F)cc2)Cc2cccc(F)c21
CHEMBL273546,CC1(c2cccc(CC(=O)O)c2)c2cc(C(=O)O)sc2C(=O)c2c1c1ccccc1n2Cc1ccccc1
CHEMBL274137,O=c1oc(Nc2ccccc2Cl)nc2cc(Cl)c(Cl)cc12
CHEMBL274166,CCCCCCCN(CCCCCSc1nc(CCC)c(CCC)[nH]1)C(=O)Nc1ccc(F)cc1F
CHEMBL7878,CC(C)(CCCOc1ccc([S+]([O-])CCCC(C)(C)C(=O)O)cc1)C(=O)O
CHEMBL10299,CC(/C=C/C(O)=C1\C(=O)CNC1=O)=C\c1ccc2ccccc2c1
CHEMBL273234,COC(=O)c1cc(-c2cc(O)c(Sc3ccccc3C(C)C)c(=O)o2)ccc1O
CHEMBL8869,O=C(NCCCn1ccnc1)c1sc2cc(F)ccc2c1Cl
CHEMBL13272,COc1ccccc1C(=O)c1c(C)n(CCN2CCOCC2)c2ccccc12
CHEMBL6272,O=C(c1ccc(Cl)cc1)c1ccc(-n2ncc(=O)[nH]c2=O)cc1
CHEMBL415969,N#Cc1ccc(-c2cncc(O[C@@H]3CCNC3)c2)cc1
CHEMBL276870,O=C(O)CN1C(=O)c2cccc3cc(N=C=S)cc(c23)C1=O
CHEMBL266787,COc1cc([C@@H]2c3cc4c(cc3N[C@@H]3COC(=O)N23)OCCO4)cc(OC)c1OC
CHEMBL14165,CCOCCn1c(=O)[nH]c2c(=O)n(CC(=O)NC(C(=O)C(F)(F)F)C(C)C)c(-c3ccccc3)cc2c1=O
CHEMBL8179,Cc1cc(-c2c(F)cc3c(=O)c(C(=O)O)cn(C4CC4)c3c2F)cc(C)n1
CHEMBL10590,COc1ccc(C#Cc2ccc(S(=O)(=O)NC(CC#Cc3ccccc3)C(=O)O)s2)cc1
CHEMBL15559,CCCc1c(OCCCOc2cc(O)c(C(C)=O)cc2CC)ccc2c1OC(C(=O)[O-])CC2.[Na+]
CHEMBL267385,Oc1ccc(C2=Cc3cc(O)ccc3C23Cc2ccc(OCCN4CCCCC4)cc2C3)cc1
CHEMBL11321,CC1(C)CC1C(=O)N/C(=C\CCCBr)C(=O)O
CHEMBL8815,CN1CC=C(c2c(O)cc(O)c3c(=O)cc(C4CCCCC4)oc23)CC1
CHEMBL278424,CC(=O)N[C@@H](CCCCNC(=O)CC1OC(CO)C(O)C(O)C1O)C(=O)NCC(N)=O
CHEMBL277818,C[C@@H](O)[C@H]1C(=O)N2C(C(=O)O)=C(S[C@@H]3CN[C@H](CSc4ccccc4)C3)[C@H](C)[C@H]12
CHEMBL6214,CSc1ccc(C(=O)c2ccc(-n3ncc(=O)[nH]c3=O)cc2Cl)cc1
CHEMBL275812,C=C(c1c(C)c(C)cc(Cl)c1OCC(O)CNC(C)(C)C)n1ccnc1
CHEMBL11000,Cn1c(=O)c2nc(-c3ccc(N)cc3N)[nH]c2n(C)c1=O
CHEMBL13847,Cc1ccc([C@@H]2CN(c3ccccc3)C[C@H]2C(=O)c2ccc(F)cc2)cc1
CHEMBL6485,CCC(c1ccc(O)c(Br)c1)C(CC)c1ccc(O)c(Br)c1
CHEMBL7914,Cc1ccc(Nc2cc3c(cc2Nc2ccc(C)cc2)C(=O)NC3=O)cc1
CHEMBL11931,COC(=O)Nc1nc2cc(C(=O)Nc3cccc(C)n3)ccc2[nH]1
CHEMBL274881,COCC#CCC(NS(=O)(=O)c1ccc(-c2ccc(OC)cc2)cc1)C(=O)O
CHEMBL264214,CCSc1ccnc(C[S+]([O-])c2nc3ccccc3[nH]2)c1C
CHEMBL6840,Cc1ccc(C(=O)OCC(O)CNC(C)C)cc1
CHEMBL9865,CCCCCC/C=C/CCCCCCCC(=O)OCc1cc(=O)c(OC(=O)C(C)(C)C)co1
CHEMBL273786,Cc1cc2c(s1)Nc1ccc(F)cc1N=C2N1CCN(C)CC1
CHEMBL268379,CC(C)c1ccc(C2NC(=O)c3cccnc3N2)cc1
CHEMBL7761,O=C(N[C@@H](CO)C(=O)O)c1ccccc1Br
CHEMBL276460,CC[C@@]1(O)C(=O)OCc2c1cc1n(c2=O)Cc2c-1nc1cnc(CN)cc1c2C
CHEMBL7692,CC(C)(C)NCC(O)COC(=O)c1cccc(O)c1
CHEMBL14194,CCOC(=O)C1(CCCc2cc(Cl)ccc2OC)CO1
CHEMBL269080,S=C(Nc1ccc(Cl)cc1Cl)OC(Cn1ccnc1)c1ccc(Cl)cc1Cl
CHEMBL7788,Cn1cc(C2=NC[C@]3(CN4CC[C@@H]3C4)O2)c2ccccc21
CHEMBL275459,C/N=C(/S)[C@]1(c2cccnc2)CCCC[S@@+]1[O-]
CHEMBL14709,O=C(c1ccccc1)c1c[nH]c2nncc-2c1OCCO
CHEMBL8846,CC(C)(C)c1cc(C(=O)c2cccs2)cc(C(C)(C)C)c1O
CHEMBL9932,O=C(O)CCCCCCCOc1ccc(NC(=O)C2=C(O)CN(c3ccc(N4CCOCC4)cc3)C2=O)cc1
CHEMBL14131,CC(C)N(CC[Se]CCN(C(C)C)C(C)C)C(C)C
CHEMBL277072,CC1(C)C=C(C(=O)NCCCNC(=O)CSc2ccccc2)C(C)(C)N1
CHEMBL12801,Clc1ccc2[nH]c3c(c2c1)CCN(CCc1ccc2ccccc2n1)C3
CHEMBL9660,CCN[C@H]1C[C@@H](CC)S(=O)(=O)c2sc(S(N)(=O)=O)cc21
CHEMBL417082,COc1cc2c(cc1C(F)(F)F)N(C(=O)Nc1cc3c(c(-c4cccnc4)c1)OCC3)CC2
CHEMBL275686,CC(C)Oc1ccccc1NC(=O)Nc1ccc2cnccc2n1
CHEMBL10897,COc1ccc(CC2=C(c3ccccc3)C(=O)OC2(O)c2ccc(OC)cc2)cc1
CHEMBL275252,CCN(CC)S(=O)(=O)c1ccc2c(c1)C(n1ccccc1=O)=CC(C)(C)O2
CHEMBL276162,COC(=O)CSCCCCC/C=C(\NC(=O)C1CC1(C)C)C(=O)O
CHEMBL12754,Cc1ccccc1C(CCN(C(C)C)C(C)C)(CCN(C(C)C)C(C)C)C(N)=O
CHEMBL14125,Oc1cccc(Oc2nccc(-c3c(-c4ccc(F)cc4)ncn3C3CCNCC3)n2)c1
CHEMBL13376,COc1ccc2c(C(=O)c3ccc(Cl)cc3)c(C)n(CC(=O)O)c2c1
CHEMBL268101,COC(=O)C(C)(C)CCCOc1cc(OCCCC(C)(C)C(=O)OC)cc(-c2ccccc2)c1
CHEMBL269669,CC(C)C(=O)Oc1ccc(C(=O)c2ccc(OC(=O)C(C)C)cc2)cc1
CHEMBL9767,CS(=O)(=O)Nc1ccc(Nc2c3ccccc3nc3cc(S(C)(=O)=O)ccc23)cc1
CHEMBL7425,COc1ccc2c(c1O)-c1cccc3c1C(C2)N(CCCl)CC3
CHEMBL11283,CC/C(=C(\Cc1ccccc1)c1ccccc1)c1ccc(OCN2CCCCC2)cc1
CHEMBL6527,CC(C)(C)/N=C(/NC#N)NC1c2cc(C#N)ccc2OC(C)(C)[C@H]1O
CHEMBL14823,CCCc1c(OCCCOc2ccc(C(C)=O)c(OC)c2CCC)ccc2c1OC(C(=O)O)CC2
CHEMBL15011,CN(C)c1ccc(-c2cc(O)c3ccccc3n2)cc1
CHEMBL9604,CC(C)Oc1ccc(Sc2ccc(NC3=NCCN3)cc2)cc1
CHEMBL14917,c1ccc(-c2n[n+]3ccccc3c3ccc4ccccc4c23)cc1
CHEMBL9992,COc1cnc(C[S+]([O-])c2nc3cc(OCC(F)(F)F)ccc3[nH]2)c(C)c1OC
CHEMBL6259,CN1CCN(c2cc3c(cc2F)c(=O)c(C(=O)O)cn3-c2ccc(F)cc2)CC1
CHEMBL427979,O=C(CCCCc1ccccc1)OC[C@H]1C[C@@H]2O[C@H]1[C@H]1C(=O)OC(=O)[C@H]12
CHEMBL6493,O=C(c1cc2ccccc2[nH]1)N1CCN(c2ncccc2NCc2ccccc2)CC1
CHEMBL9822,CCCCCCCCc1c(O)noc1CC(N)C(=O)O
CHEMBL6965,COc1ccc2ccc3oc([N+](=O)[O-])cc3c2c1OC
CHEMBL6861,CC(C)OC(=O)c1ncn2c1CN(C)C(=O)c1cc(Cl)ccc1-2
CHEMBL11423,O=C1C(Cl)=C(Nc2ccc(Br)cc2)C(=O)c2cnccc21
CHEMBL7270,CCCc1cc(=O)oc2c3c(c4c(c12)OC(C)(C)C=C4)O[C@H](C)C(C)(C)C3=O
CHEMBL13992,C=CCc1cc(/C=C/CO)ccc1OCC(O)CNC(C)(C)C
CHEMBL268472,CCCCCCc1c(O)noc1C[C@@H](N)C(=O)O
CHEMBL273499,CC(C)[C@H]1OC(=O)O[C@]1(Cn1cncn1)c1ccc(Cl)cc1
CHEMBL13492,CCN(CCCCCCC(F)F)CCC[C@H](O)c1ccc(NS(C)(=O)=O)cc1
CHEMBL276598,COc1ccc2c3c1OC1[C@H](O)[C@](CO)(CCCCCc4ccccc4)CC4C(C2)N(CC2CC2)CCC341
CHEMBL277986,CCCCCCCN(Cc1ccc(CC(C)(C)C)cc1)C(=O)Nc1ccc(F)cc1F
CHEMBL7933,CC(C)N(CCNc1ccc2ncn3c4ccc(O)cc4c(=O)c1c23)C(C)C
CHEMBL442331,CCCCc1nc2ccc(COc3ccccc3)cc2c(=O)n1Cc1ccc(-c2ccccc2-c2nn[nH]n2)cc1
CHEMBL15294,Cc1cccc2c1N(C(=O)N1C[C@@H](C)N[C@@H](C)C1)Cc1c(C(=O)OC(C)(C)C)ncn1-2
CHEMBL13515,CCn1c(=O)c2nc(C(=O)O)cn2c2ccccc21
CHEMBL10008,CC(C)(C)C(=O)Oc1ccccc1C(=O)OCc1cc(=O)c(OC(=O)C(C)(C)C)co1
CHEMBL13520,CS1(=O)=Nc2nc(C(=O)O)cn2-c2ccccc21
CHEMBL12176,CN1Cc2ccccc2C(=O)c2ccc(CC(=O)O)cc21
CHEMBL8891,O=C(c1ccc(-c2ccccc2)cc1)c1ccc2n1CCC2C(=O)O
CHEMBL268102,CN(C)c1ncnc2c1ncn2C(c1ccccc1)c1ccccc1
CHEMBL453,Cc1noc(NS(=O)(=O)c2ccc(N)cc2)c1C
CHEMBL13018,O=C(O)Cn1c(=O)c(=O)[nH]c2cc([N+](=O)[O-])c(-n3ccc(CNC(=O)NCCc4ccncc4)c3)cc21
CHEMBL11589,C=CCN(CC=C)S(=O)(=O)c1ccc(-n2ncc(=O)[nH]c2=O)cc1Cl
CHEMBL12844,CC(C)c1ccccc1Sc1c(O)cc(-c2ccccc2)oc1=O
CHEMBL11928,O=NN(CCCl)C(=O)NC1CCS(=O)(=O)CC1
CHEMBL13449,CC(C)n1c(=O)nc(-c2cccc([N+](=O)[O-])c2)c2cc3c(cc21)OCO3
CHEMBL266574,Cc1oc(-c2ccc(C(F)(F)F)cc2)nc1COc1cccc(C#CC(C)n2oc(=O)[nH]c2=O)c1
CHEMBL266095,CS(=O)(=O)O.Nc1nc2ccc(Cl)cc2c2nc(-c3cccs3)nn12
CHEMBL7307,CCCOc1cccc(C(=O)OCC(O)CNC(C)C)c1
CHEMBL12487,CC(CN1CCN(CC(c2ccc(F)cc2)N2CCN(C3CCCCC3)CC2)CC1)C(=O)c1ccccc1
CHEMBL11405,O=C(Nc1ccc(Cl)cc1)NC1CCCCC1
CHEMBL7960,Cc1cc(-c2c(F)cc3c(=O)c(Cc4cccc(O)c4)cn(C4CC4)c3c2F)cc(C)n1
CHEMBL9632,O=C(c1ccccc1)c1ccc(OC(=O)C2CCCCC2)cc1
CHEMBL265620,NC(N)c1ccc(C[C@H](NS(=O)(=O)c2ccc3ccccc3c2)C(=O)N2CCCCCC2)cc1
CHEMBL266808,O=C(Nc1ccc(C2=NCCN2)cc1)C1C[C@H]1C(=O)Nc1ccc(C2=NCCN2)cc1
CHEMBL14419,COc1ccc(C2(C)c3cc(C(=O)O)sc3C(=O)c3c2c2ccccc2n3C)cc1
CHEMBL13522,CN(C)Cc1ccc(CSCc2ccc(CN(C)C)o2)o1
CHEMBL274773,C=C1CC(c2ccccc2)(c2ccccc2)OC1=O
CHEMBL9082,CCCCC(=O)CN1C[C@@H](c2ccc3c(c2)OCO3)[C@H](C(=O)O)[C@H]1c1ccc(OC)cc1
CHEMBL10531,O=C1O[C@H](c2ccc(Cl)cc2)[C@@](Cn2cncn2)(c2ccc(Cl)cc2)O1
CHEMBL13131,COC(=O)c1ccccc1OCC(O)CNCCNC(C)=O
CHEMBL273668,C=C(C)Cc1cc(C(=O)c2ccccc2)ccc1OC(=O)C(C)(C)C
CHEMBL6894,Cc1c(N2CC[C@@H](C3(N)CC3)C2)c(F)c(N)c2c(=O)c(C(=O)O)cn([C@@H]3C[C@@H]3F)c12
CHEMBL13096,CN(C)[C@@H]1C(=O)C(C(N)=O)=C(O)C2C(=O)C3=C(O)c4c(O)cccc4CC3C[C@H]21
CHEMBL277534,CC(C)CCn1c(Cn2c(=O)n(C(=O)Nc3ccccc3)c3ccccc32)nc2ccccc21
CHEMBL267417,O=C(N[C@@H](Cc1ccc(-c2ccccc2)cc1)C(=O)O)c1ccccc1Br
CHEMBL6479,CCNc1cccnc1N1CCN(C(=O)c2ccco2)CC1
CHEMBL14352,COc1cc2c(cc1C(F)(F)F)N(C(=O)Nc1cccnc1)CC2
CHEMBL6307,C#CCN(Cc1ccc2nc(C)nc(O)c2c1)c1ccc(C(=O)NCC)cc1
CHEMBL7874,COc1cccc(Nc2ccc(NC(=O)C(C)C)cc2)c1
CHEMBL9897,Cc1ccc(-c2csc(-n3ncc(C(=O)NCCCO)c3C)n2)cc1
CHEMBL8849,CCC/C=C/CCCCCCC(=O)CC(=O)N[C@H]1CCOC1=O
CHEMBL12370,CN1CCN(C(CN2CCN(CC3CCc4ccccc4C3=O)CC2)c2ccc(Cl)cc2)CC1
CHEMBL276635,Nc1nc(N)c(CCCCc2ccc(C(=O)N[C@@H](CC(=O)O)C(=O)O)cc2)c(O)n1
CHEMBL13536,CCN(CCCCCCCF)CCC[C@H](O)c1ccc(NS(C)(=O)=O)cc1
CHEMBL9636,CN1CCC23c4c5ccc(O)c4OC2[C@H](O)[C@](CO)(CCc2ccccc2)CC3C1C5
CHEMBL12847,CCOC(=O)Nc1ccc(C(=O)CCC(P(=O)(OCC)OCC)P(=O)(OCC)OCC)cc1
CHEMBL7178,COc1ccc(N2CCN(C(=O)c3cc4ccccc4[nH]3)CC2)c(OC)c1
CHEMBL267475,CCCc1c(OCC(O)COc2ccc3c(=O)cc(C(=O)O)oc3c2CCC)ccc(C(C)=O)c1O
CHEMBL267103,CN(C)CCCOc1cc(C(=O)Nc2ccn(-c3ccccc3)n2)n(Cc2ccccc2)n1
CHEMBL6358,COc1cc2nc(N3CCN(C(=O)/C=C/c4ccc(F)cc4)CC3)nc(N)c2cc1OC
CHEMBL12276,C[N+](CCCl)(CCCl)Cc1cccc2c([N+](=O)[O-])cccc12.[Cl-]
CHEMBL274789,O=C1CCC(c2ccccc2)(C2CCN(Cc3ccc(I)cc3)CC2)C(=O)N1
CHEMBL13153,COCCN(CCOC)C(CCS(C)(=O)=O)C(=O)Oc1c(OC)cc(C)cc1OC
CHEMBL10587,CCCCCCCCCCC/C=C(C)/C=C/C(O)=C1\C(=O)CN(C)C1=O
CHEMBL440593,CC1CC(O)=NN=C1c1ccc(-n2ccnc2)cc1
CHEMBL276532,Cc1nsc(-c2ccc(N3CCN(c4cccc(N)c4)CC3)nn2)n1
CHEMBL13707,CCOC(=O)c1cc2c(CC)c3c(nc2cn1)-c1cc2c(c(=O)n1C3)COC(=O)[C@]2(O)CC
CHEMBL8618,COc1ccccc1N1CCN(CCCCN2C(=O)c3ccccc3C2=O)CC1
CHEMBL8997,CC(C)Oc1cccc(-n2c(NNC(=O)Nc3ccc(Cl)cc3)nc3ccccc3c2=O)c1
CHEMBL10475,CCCCCc1cc(O)c2c(c1)OC(C)(C)[C@@H]1CC[C@H](C)[C@H](O)C21
CHEMBL416699,CN1CCC23c4c5ccc(O)c4OC2[C@H](O)[C@](CO)(CCCCc2ccccc2)CC3C1C5
CHEMBL6535,CC(C)NCC(O)COC(=O)c1ccc(O)cc1
CHEMBL15242,CN1CCN(c2nc3ccccc3c(Cl)c2Sc2ccccc2)CC1
CHEMBL277158,COC(=O)CSCCCCN1C(=O)CC[C@@H]1/C=C/C(O)Cc1ccccc1
CHEMBL7336,CC(C)(C)NCC(O)COC(=O)c1ccncc1
CHEMBL10846,COc1ccc(C2(O)OC(=O)C(c3ccc4c(c3)OCO4)=C2Cc2ccccc2)cc1OC
CHEMBL6959,CC[C@H]1Cc2cc3c(C(F)(F)F)cc(O)nc3cc2N[C@@H]1CC
CHEMBL447236,C/C(=C/C=C/Cn1oc(=O)[nH]c1=O)c1cccc(OCc2nc(-c3ccccc3)oc2C)c1
CHEMBL279190,CC1CC/C(=N\Nc2ccc(F)cc2)c2ncc(C(=O)O)c(=O)n21
CHEMBL273374,O=C(O)c1nc(Cc2ccccc2)n2c1c(O)nc1ccccc12
CHEMBL14266,CN(CC(=O)c1cc(C(C)(C)C)c2c(c1)C(C)(C)CO2)CC1CC1
CHEMBL14196,C=CCCCCCCCC1=NC(CCCCC=C)CC1
CHEMBL8633,Cn1nnnc1C(/C=C/C(O)CC(O)CC(=O)[O-])=C1c2ccc(F)cc2-c2cc(F)ccc21.[Na+]
CHEMBL28,O=c1cc(-c2ccc(O)cc2)oc2cc(O)cc(O)c12
CHEMBL14063,CSCC(=O)c1cc(C(C)(C)C)c2c(c1)C(C)(C)CO2
CHEMBL267718,CCOC(=O)c1ccc(NC(=O)Nc2ccc3c(c2)C(C)(C)CC(C)(C)O3)cc1
CHEMBL9499,CCCCC(=O)O[C@H](CC=C(C)C)C1=CC(=O)c2c(O)ccc(O)c2C1=O
CHEMBL7037,NS(=O)(=O)c1ccc(/C=C/c2ccc(O)c(O)c2)cc1
CHEMBL14989,C=C(c1c(C)ccc(Cl)c1OCC(O)CNC(C)(C)C)n1ccnc1
CHEMBL6996,COc1ccc2[nH]c(C(=O)N3CCN(c4ncccc4NC(C)C)CC3)cc2c1.CS(=O)(=O)O
CHEMBL417242,COc1cc2c(cc1OC)C(COCCNCCO)OCCC2
CHEMBL12295,O=S(=O)(CS(=O)(=O)C(F)(F)F)c1ccc(SC(F)(F)C(F)F)c(Cl)c1
CHEMBL8401,COC(=O)C(C)(C)CCCOc1ccc(C)c(OCCCC(C)(C)C(=O)OC)c1
CHEMBL14473,CCC(c1ccc(O)c(CO)c1)C(CC)c1ccc(O)c(CO)c1
CHEMBL10163,CN1C(=O)CC[C@]2(C)C3CC[C@@]4(C)C(CC[C@@]4(O)C#CCCBr)C3CCC12
CHEMBL15183,CCCCCCCCCCCCCC(=O)NNC(=O)C[n+]1ccccc1.[Cl-]
CHEMBL276583,NC1CCN(c2nc3c(cc2F)c(=O)c(C(=O)O)cn3C2CC2)C1
CHEMBL6864,COc1c(CC(=O)O)cccc1-c1ccc(Cl)cc1
CHEMBL266589,NCC1OC(OC2C(N)CC(N)C(OC3OC(CO)C(O)C(N)C3O)C2O)C(O)C(O)C1O
CHEMBL12389,C[C@@H]1CCCN(CC[C@@H](C)N(C)S(=O)(=O)c2cccc3ccccc23)C1
CHEMBL14788,CC1CC/C(=N\Nc2cccc(C(F)(F)F)c2)c2ncc(C(=O)O)c(=O)n21
CHEMBL14524,c1ccc2c(NCCCCN3CCCCC3)ccnc2c1
CHEMBL14398,CCN(CC)c1nc(NCCNC(=O)c2cc(OC)c(O)c(OC)c2)c2ccccc2n1.CS(=O)(=O)O
CHEMBL11176,COC(=O)c1cccc(CC2=C(c3ccc4c(c3)OCO4)C(=O)OC2(O)c2ccc(OC)cc2)c1
CHEMBL276184,CCN(c1nc(C)cc(-c2cccc3ccccc23)n1)c1ccc(C(C)C)cc1Br
CHEMBL267676,CN(C(=O)[C@H](Cc1ccc(C(N)NN)cc1)NS(=O)(=O)c1ccc2cc3ccccc3cc2c1)C1CCCC1
CHEMBL273723,COc1ccc(C2(O)OC(=O)C(c3ccc4c(c3)OCO4)=C2Cc2cc(OC)ccc2OC)cc1
CHEMBL9772,COc1ccc2c(c1)c(CCNC(C)=O)c1n2Cc2ccccc2-1
CHEMBL10218,CCCOc1ccc2c(c1)c(-c1ccc3c(c1)OCO3)c(C(=O)O)n2Cc1ccc2c(c1)OCO2
CHEMBL12603,CC(C)Oc1ccccc1N1CCN(CCNC(=O)CN2CCCCCC2=O)CC1
CHEMBL440454,C=CCC1Oc2cccc(NC)c2-c2ccc3c(c21)C(C)=CC(C)(C)N3
CHEMBL85,Cc1nc2n(c(=O)c1CCN1CCC(c3noc4cc(F)ccc34)CC1)CCCC2
CHEMBL13316,CCN(C)C(=O)c1ccc(N(c2ccccc2)[C@@H]2C[C@H]3CC[C@@H](C2)N3C)cc1
CHEMBL417978,O=C1OC(O)(c2ccc3c(c2)OCO3)C(Cc2ccccc2)=C1c1ccc2c(c1)OCO2
CHEMBL7542,Cc1ccccc1CC1CCc2nc(N)nc(N)c2C1
CHEMBL9,CCn1cc(C(=O)O)c(=O)c2cc(F)c(N3CCNCC3)cc21
CHEMBL273279,CCN(CC)C(=O)CC(C(=O)Oc1c(OC)cc(C)cc1OC)N1CCOCC1
CHEMBL279643,c1ccc(Cc2ccc(OCCn3ccnc3)cc2)cc1
CHEMBL268824,CS(=O)(=O)N[C@@H](C(=O)N1CCC[C@H]1C(=O)NCc1ccc(CN)s1)C(c1ccccc1)c1ccccc1
CHEMBL7456,CNCC(O)COC(=O)c1ccc2c(c1)OCO2
CHEMBL14466,Cc1[nH]cnc1-c1[nH]ccc2c3ccc(F)cc3nc1-2
CHEMBL9417,N[C@@H](Cc1ccccc1)C(O)[C@@H](N)Cc1ccccc1
CHEMBL14075,CCCCN(C)C(=O)CCCCCSC(Cc1ccc(O)cc1)c1ccc(O)cc1
CHEMBL267670,C=CCC1Oc2cccc(COC)c2-c2ccc3c(c21)C(C)=CC(C)(C)N3
CHEMBL428891,CC1(C)Oc2ccc(C#N)cc2[C@H](N(Cc2ncc[nH]2)c2ccccc2)[C@H]1O
CHEMBL7111,NS(=O)(=O)c1ccc(/C=C/c2cccc(O)c2)cc1
CHEMBL9981,CC(Cc1cc(C(=O)c2ccccc2)ccc1OC(=O)C(C)(C)C)C(=O)O
CHEMBL12287,O=C(O)c1ccc(O)c(C(=O)/C=C/c2ccc3ccccc3n2)c1
CHEMBL10959,CCN(CC)CCNC(=O)c1ccc(NC(=O)COc2ccccc2)c(OC)c1
CHEMBL8566,CC(C)(C)c1cc(/C=C/c2ccccc2)cc(C(C)(C)C)c1O
CHEMBL275967,O=C(O)COCC1CCN(C(=O)N2CCC3(CC2)CCN(c2ccncc2)C3)CC1
CHEMBL14883,O=C(Nc1cnccn1)c1c(O)c2cccnc2n(-c2ccccc2)c1=O
CHEMBL10764,O=C(N[C@@H](Cc1ccccc1)CN1CCN(c2nsnc2Cl)CC1)c1ccncc1
CHEMBL14380,CC(=O)c1ccc(OCCCN2CCC(c3noc4cc(F)ccc34)CC2)c(O)c1
CHEMBL6331,Cn1cc(C2=C(c3cn(CCC[N+](C)(C)C)c4ccccc34)C(=O)NC2=O)c2ccccc21
CHEMBL280099,O=c1cc(-c2ccccc2F)[nH]c2cc3c(cc12)OCO3
CHEMBL274647,CCN(CC)CCNC(=O)c1cc(Cl)c(NC(=O)COc2ccc(OC)cc2)cc1OC
CHEMBL7418,CS(=O)(=O)N[C@@H](C(=O)N1CCC[C@H]1C(=O)NCc1ccc(CN)nc1)C(c1ccccc1)c1ccccc1
CHEMBL8434,CN(C)CCNc1ccc2c(CNCCO)nn3c4cccc(O)c4c(=O)c1c23
CHEMBL8161,Cc1cc(-c2c(F)cc3c(=O)c(Cc4ccccc4)cn(C4CC4)c3c2F)cc(C)n1
CHEMBL414206,CN(Cc1cnc2nc(N)nc(N)c2n1)c1ccc(C(=O)NC(CNC(N)=O)C(=O)O)cc1
CHEMBL464,CCOC(=O)/C=C(C)/C=C/C=C(C)/C=C/c1c(C)cc(OC)c(C)c1C
CHEMBL268751,CCCOc1ccc2c(-c3ccc4c(c3)OCO4)c(C(=O)O)n(Cc3ccc4c(c3)OCO4)c2c1
CHEMBL274840,COc1ccccc1C(=O)C(O)(Cn1cncn1)c1ccccc1OC
CHEMBL15255,CCC(C)N1CCCc2c(nc(-c3ccccc3)c3ccccc23)C1=O
CHEMBL477,Nc1ncnc2c1ncn2[C@@H]1O[C@H](CO)[C@@H](O)[C@H]1O
CHEMBL276889,Nc1nc(O)c2nc(Br)n(C3CCCCc4ccc(F)cc43)c2n1
CHEMBL274591,CCOC(=O)Nc1cc2c(c(N)n1)N=C(c1cccc(OC)c1)CN2
CHEMBL10399,O=C1CCC(c2ccccc2)(C2CCN(Cc3cccc(Br)c3)CC2)C(=O)N1
CHEMBL14516,CC(C)C(NC(=O)Cn1c(-c2ccccc2)ccc(NC(=O)CN2CCOCC2)c1=O)C(=O)C(F)(F)F
CHEMBL268519,O=C(Cc1ccc2ccccc2c1)Nc1cccc(NC(=O)c2cc(Cl)cc(Cl)c2)c1
CHEMBL274439,CCN(c1nc(C)cc(-c2ccccc2C(=O)O)n1)c1ccc(C(C)C)cc1Br
CHEMBL266545,CCNc1cccnc1N1CCN(C(=O)c2cccs2)CC1
CHEMBL7621,CN(C(=O)[C@H](CC#Cc1cnc(N)nc1)NS(=O)(=O)c1ccc2ccccc2c1)C1CCCC1
CHEMBL273720,Cc1ccc(C(O)C(O)(Cn2cncn2)c2ccc(C)cc2)cc1
CHEMBL268088,CC1(C)N=C(N)N=C(N)N1c1cccc(Br)c1
CHEMBL268830,CN1CCCCC1CN1CCN(Cc2cccnc2)CC1
CHEMBL11383,COC(=O)Nc1cnc(-c2cccs2)n(CC(=O)NC(C(=O)C(F)(F)F)C(C)C)c1=O
CHEMBL8373,CCN(CC)CCNc1ccc2ncn3c4c(O)cccc4c(=O)c1c23
CHEMBL10032,CCN(c1nc(C)cc(-c2cccc(-c3ccccc3)c2)n1)c1ccc(C(C)C)cc1Br
CHEMBL274800,O=C(NCCCn1ccnc1)c1cc2cc(Cl)ccc2[nH]1
CHEMBL13089,CC1(C)CCC(C)(C)c2cc3c(=O)cc(-c4ccc(C(=O)O)cc4)oc3cc21
CHEMBL14821,CCn1c(=O)n(Cc2nc3ccccc3n2CCCO)c2ccccc21
CHEMBL12799,CC(C)c1ccc2c(c1)CC[C@H]1[C@](C)(CO)CCC[C@]21C
CHEMBL280011,c1ccc2c(NCCN3CCCCC3)ccnc2c1
CHEMBL266706,Fc1ccc(-c2c(-c3ccccn3)nc3n2CCS3)cc1
CHEMBL7063,COc1cc(CC2CCc3nc(N)nc(N)c3C2)cc(OC)c1OC
CHEMBL8786,O=C(O)CN(C(=O)c1ccccc1)c1cccc([N+](=O)[O-])c1
CHEMBL14412,COc1cccc(-c2cc(O)c3cc(OC)ccc3n2)c1
CHEMBL6706,C[C@@H](N)Cc1c2ccoc2c(Br)c2ccoc12.Cl
CHEMBL268275,C/C=C(\NC(=O)c1c(Cl)cccc1Cl)C(=O)O
CHEMBL276100,CCOC(=O)c1cnc2n(c1=O)C(C)CC/C2=N\Nc1ccccc1C(=O)O
CHEMBL15075,COc1ccc(C/C(=N\O)C(=O)NCCc2c[nH]cn2)cc1Br
CHEMBL267505,O=C1[C@@H](NS(=O)(=O)c2cc3ncccc3s2)CCN1CCNc1ccncc1
CHEMBL12774,CC(C)N(CCC(CCN1CCCCC1)(C(N)=O)c1ccc(Cl)cc1)C(C)C
CHEMBL7880,COC(=O)c1oc2c(sc3ccccc32)c1OC
CHEMBL427605,Nc1nc(N)c2c(Sc3ccc(Cl)c(Cl)c3)cccc2n1
CHEMBL10709,CCCNC(=O)Nc1cccc(-c2ccc(C[C@H](NS(=O)(=O)Cc3ccccc3)C(=O)O)cc2)c1
CHEMBL274607,COC(=O)Nc1nc2cc(C(=O)Nc3ccccc3)ccc2[nH]1
CHEMBL266318,COc1c2occc2c(C[N+](C)(C)C)c2ccc(=O)oc12.[Cl-]
CHEMBL11231,CCCN(CCC)CCc1cc(Br)ccc1OCCCc1ccccc1.O=C(O)C(=O)O
CHEMBL9591,COc1ccc(CCCN2CCC(COCc3ccc(Cl)cc3)CC2)cc1
CHEMBL429563,CC(C)(C(=O)O)C(=O)Oc1ccc(C(=O)c2ccccc2)cc1
CHEMBL7635,CC(=O)Nc1ccc(Cn2cnc3c(N(C)C)ncnc32)cc1
CHEMBL11244,O=C(O)c1cc(Br)cc(C(=O)/C=C/c2ccc(OCc3ccc4ccccc4n3)cc2)c1O
CHEMBL277304,O=C(Nc1ccc(Cn2cnc3ncnc-3c2O)cc1)c1cccc(S(=O)(=O)F)c1
CHEMBL8609,CCCCCCCCCC(O)CC(=O)N[C@H]1CCOC1=O
CHEMBL9758,CCCCCCc1c(O)noc1CC(N)C(=O)O
CHEMBL8886,Cn1nnnc1C(/C=C/C(O)CC(O)CC(=O)[O-])=C/c1ccc(F)cc1.[Na+]
CHEMBL9262,COC(=O)/C=C/C(=O)N[C@@H]1CCC2C3Cc4ccc(O)c5c4C2(CCN3CC2CC2)[C@H]1O5
CHEMBL12602,COC1OC(COC(C)=O)C(OC(C)=O)C(NC(=O)N(CCCl)N=O)C1OC(C)=O
CHEMBL6487,O=C(NCc1ccc(Cl)cc1Cl)c1cc(-c2ccncc2)nnc1Cl
CHEMBL403516,CC(=O)O[C@H](CC=C(C)C)C1=CC(=O)c2c(O)ccc(O)c2C1=O
CHEMBL11032,CC(C)C(NC(=O)Cn1c(-c2cccnc2)ncc(NC(=O)OCc2ccccc2)c1=O)C(=O)C(F)(F)F
CHEMBL276848,O=NN(CCCl)C(=O)NC1CCC(Cl)CC1
CHEMBL10503,CC(CO)Cc1cc(C(=O)c2ccccc2)ccc1OC(=O)C(C)(C)C
CHEMBL8699,COCC(=O)N1N=C(c2ccc(N)cc2)c2cc3c(cc2CC1C)OCO3
CHEMBL7785,O=C(O)C1Cc2cc3c(-c4cccc(F)c4)noc3c(Cl)c2O1
CHEMBL267771,CN(C)CCCOc1cc(C(=O)Nc2cc(F)cc(F)c2)n(Cc2ccccc2)n1
CHEMBL263078,C[C@H](N)Cc1c2c(c(Br)c3c1OCC3)OCC2.Cl
CHEMBL13460,Clc1ccc2c(Cl)cc3nc(-c4nn[nH]n4)cn3c2c1
CHEMBL9567,C[C@@]1(CCCCc2ccccc2)CC2C3Cc4ccc(O)c5c4C2(CCN3CC2CCC2)C(O5)C1=O
CHEMBL9296,CCOc1ccccc1NC(=O)Nc1nc2ccncc2cc1C#N
CHEMBL13490,CCCCCCCC/C=C(\c1ccc(O)cc1)c1ccc(OCCN(CC)CC)cc1
CHEMBL11736,CCCN(CCC)CCc1ccc(OC)c(OCCc2ccc(OC)cc2)c1.O=C(O)C(=O)O
CHEMBL10773,O=C(O)Cc1ccc2c(c1)C(=O)Cc1cc(Cl)ccc1O2
CHEMBL9905,Oc1ccc2c3c1OC1[C@H]4OC[C@@]4(CCc4ccccc4)CC4C(C2)N(CC2CC2)CCC341
CHEMBL275341,Cc1cccc2c(Nc3ccc(NS(C)(=O)=O)cc3)c3ccccc3nc12
CHEMBL6504,C/C=C(/C)C(=O)O[C@@]12C[C@@H](C)[C@]3(O)C4C=C(C)C(=O)[C@@]4(O)CC(COC(C)=O)=C[C@H]3[C@@H]1C2(C)C
CHEMBL268524,CC1(C(=O)O)CCn2c(C(=O)c3ccccc3)ccc21
CHEMBL12255,CCOP(=O)(OCC)C(CCC(=O)c1cccc(NS(C)(=O)=O)c1)P(=O)(OCC)OCC
CHEMBL11076,CC(=O)N(C)CC#CCN1CCN(C(C)=O)CC1
CHEMBL10772,O=C(O)CCC/C=C/C[C@H]1[C@H](COCc2ccccc2)C2CC1(c1ccc(F)cc1)CO2
CHEMBL268880,CCOc1ccccc1N1CCN(C(=O)c2cc3ccccc3[nH]2)CC1
CHEMBL268262,COC(=O)c1cc2c3cc(NCc4ccccc4)ccc3nc-2c[nH]1
CHEMBL11603,NCCc1c[nH]c(C(c2ccccc2)c2ccccc2)n1
CHEMBL278912,CC(C)C(NC(=O)Cn1c(-c2ccccc2)cc2c(=O)n(N(C)C)c(=O)[nH]c2c1=O)C(=O)C(F)(F)F
CHEMBL12528,FC(F)(F)Oc1ccc(SCSC(F)(F)F)cc1
CHEMBL11135,CC(C)(C)NCC(O)COc1ccc(Cc2nc(-c3cccs3)c[nH]2)cc1
CHEMBL6524,CC1(C)CC(C)(C)c2cc(N/C(S)=N/c3ccc(S(N)(=O)=O)cc3)ccc2S1
CHEMBL268441,CC(=O)N(c1ccccc1)c1cc2c(cc1Nc1ccccc1)C(=O)NC2=O
CHEMBL10315,Cc1cc(C)c(-n2nnc3c(-c4ccccc4C(F)(F)F)nc(C)nc32)c(C)c1
CHEMBL8783,Cc1cc(C)cc(N2C(=O)Cc3ccccc3C2=O)c1
CHEMBL14997,Cc1ccc2c(c1)N(C(=O)N1C[C@H](C)N[C@@H](C)C1)Cc1c(C(=O)OC(C)(C)C)ncn1-2
CHEMBL273261,CCOc1cc2c(cc1CCc1ccc(OC)cc1)OCO2
CHEMBL269704,CC1(C)N=C(N)N=C(N)N1c1cccc(OCc2ccc(Cl)c(Cl)c2)c1
CHEMBL7974,O=C(O)C1Cc2cc3c(-c4ccc(O)cc4)noc3c(Cl)c2O1
CHEMBL275410,Cc1c(C(=O)N(C)c2ccc(Cl)cc2)nc2ccccc2c1-c1ccccc1
CHEMBL276429,CCCCCCCCCCCCCC(=O)O[C@@H]1CC(=O)O[C@H]1CO
CHEMBL440089,CC/C(=C(/Cc1ccc(OCN2CCCCC2)cc1)c1ccccc1)c1ccccc1
CHEMBL274617,COC(=O)/C=C/CNC(=O)C(Cc1ccccc1)NC(C)=O
CHEMBL275938,O=C(O)C1=CC(=C(c2ccc(O)c(C(=O)O)c2)c2ccc(O)c(C(=O)O)c2)C=CC1=O
CHEMBL15364,CC1(C)C=C(C(=O)NCCCNC(=O)C(C)(C)Oc2ccc(Cl)cc2)C(C)(C)N1
CHEMBL278048,CNC(=O)c1c(CS(C)(=O)=O)nc2ccccc2[n+]1[O-]
CHEMBL266067,C=C(C)[C@H]1Cc2c(ccc3c2OC2COc4cc(OC)c(OC)cc4C2/C3=N/O)O1
CHEMBL275001,O=C1NC(=O)C(CC#Cc2ccc(OC(F)(F)F)cc2)(S(=O)(=O)c2ccc(F)cc2)S1
CHEMBL14875,CCC(=O)c1ccc2c(c1)sc(=O)n2CCCN1CCCCC1
CHEMBL415965,CC(C)Oc1cccc(-n2c(NNC(=O)Nc3ccc(C(F)(F)F)cc3)nc3ccccc3c2=O)c1
CHEMBL9885,c1ccc(C2(C3=NCCN3)COc3ccccc3O2)cc1
CHEMBL6915,CCC(NC(=O)C(CS)C(C)c1ccccc1)C(=O)O
CHEMBL267306,O=S(=O)(Nc1ccc(CCNC[C@H](O)COc2ccc(O)cc2)cc1)c1ccccc1Cl
CHEMBL6344,Cc1cc(-n2ncc(=O)[nH]c2=O)ccc1C(=O)c1ccc(Cl)cc1Cl
CHEMBL14157,CSc1c(O)n(Cc2ccccc2)c2nc3c(n2c1=O)C(=O)N(C)CN3C
CHEMBL14542,Oc1cc(-c2ccco2)nc2cc3c(cc12)OCO3
CHEMBL9741,CCCCCCCN1CCC(COC(c2ccccc2)c2ccccc2)CC1
CHEMBL267106,CCOC(=O)Nc1nc2cc(C(=O)NCCc3ccc(OC)c(OC)c3)ccc2[nH]1
CHEMBL276405,O=C(O)CCN1CCN(C(=O)N2CCC3(CCN(c4ccncc4)CC3)C2)CC1=O
CHEMBL6935,CC(C)(CNC(=O)N1CCOCC1)NCC(O)COC(=O)c1ccccc1F
CHEMBL273603,COc1cc(CC(C)NCC2CC2)c(OC)cc1I
CHEMBL10675,CCCNC(=O)Nc1cccc(-c2ccc(C[C@H](NC(=O)OC3CCCC3)C(=O)O)cc2)c1
CHEMBL269137,CCCCCCC[C@H]1OC(=O)C[C@@H](O)[C@H](Cc2ccccc2)N(C)C(=O)[C@H](C(C)C)OC(=O)[C@H]1C
CHEMBL269177,CNCC(c1ccc(Cl)cc1)c1ccc(Cl)cc1
CHEMBL264473,CCOc1cc(OCC)c(-c2nnc3c4ccccc4c(N4CCCC4)nn23)cc1OCC
CHEMBL10708,CCC(C)NC(=O)Nc1cccc(-c2ccc(C[C@H](NS(=O)(=O)c3c(C)cc(C)cc3C)C(=O)O)cc2)c1
CHEMBL267108,CCCC/N=C(\N)c1nnc(-c2ccccc2C)s1
CHEMBL10879,COc1ccc(CCNCC(O)COc2ccc(-c3nc(C)c[nH]3)cc2Br)cc1OC
CHEMBL275803,Cc1nc[nH]c1CSCCNC(=N)N[C@H](C)Cc1c[nH]cn1
CHEMBL275728,CCCCC[C@H](O)/C=C/[C@@H]1C2CC(c3ccc(F)cc3)(CO2)[C@H]1C/C=C/CCCC(=O)O
CHEMBL429040,C=C(C)n1c(=O)n(Cc2nc3ccccc3n2CCCCCCC#N)c2ccccc21
CHEMBL8329,C=CCOc1ccc2c(c1OC)-c1ccc3c(c1C(CC=C)O2)C(C)=CC(C)(C)N3
CHEMBL9126,N=C(N)c1ccc(N2CCN(c3ccc(C(=N)N)cc3)CC2)cc1
CHEMBL12417,CCCCc1nc(C(F)(F)c2ccc(-c3ccccc3-c3nn[nH]n3)cc2)n(CCCC)n1
CHEMBL11751,N#Cc1cnc2nc(NS(=O)(=O)c3ccc(Cl)cc3)nn2c1N
CHEMBL267723,CCN1CCC[C@H]1CNC(=O)c1c(OC)ccc(I)c1O
CHEMBL14587,Clc1ccc2c(NCCc3ccc(OCCCN4CCCCC4)cc3)ccnc2c1
CHEMBL10671,CSc1ccc(-c2ccc(S(=O)(=O)NC(CC#Cc3ccccc3)C(=O)O)cc2)cc1
CHEMBL12608,Cc1[nH]cnc1CSCCNC(=N)NCCCc1c[nH]cn1
CHEMBL279811,CN(C)c1ccc(-c2cc(O)c3cc4c(cc3n2)OCO4)cc1
CHEMBL6352,Cc1cc(Br)ccc1C(=O)c1ccc(-n2ncc(=O)[nH]c2=O)cc1Cl
CHEMBL418526,Cc1cccc(N2CCN(CCCON3C(=O)CC4(CCCC4)CC3=O)CC2)c1C
CHEMBL273909,CCCCC[C@H](O)/C=C/[C@H]1C2CC(C)(CO2)[C@@H]1C/C=C/CCCC(=O)O
CHEMBL276027,CCC/N=c1\c(O)c(O)\c1=N/[C@@H](Cc1ccc(OCc2c(Cl)cccc2Cl)cc1)C(=O)O
CHEMBL274192,O=C(O)CCNC(=O)N1CCC2(CC1)CCN(c1ccncc1)C2
CHEMBL15022,C[C@@H]1CN(C(=O)N2Cc3c(C(=O)OC(C)(C)C)ncn3-c3ccc(C(F)(F)F)cc32)CCN1
CHEMBL15708,CC1(C)C=C(C(=O)NCCCNC(=O)COc2ccccc2)C(C)(C)N1
CHEMBL269218,Cn1c(=O)c2nc(-c3ccc(Cl)cc3)[nH]c2n(C)c1=O
CHEMBL12912,CCN(CC)C(=O)c1ccc(N(c2cccc(OC)c2)[C@@H]2C[C@H]3CC[C@@H](C2)N3C)cc1
CHEMBL274177,CCN(CC)CCC(CCN(C(C)C)C(C)C)(C(N)=O)c1ccccc1
CHEMBL13001,CC1(C)CCC(C)(C)c2cc3c(cc21)C=C(c1ccc(C(=O)O)cc1)C3
CHEMBL9558,CC(C)(C)c1ccc(Sc2ccc(NC3=NCCN3)cc2)cc1
CHEMBL275798,Fc1ccc(-c2ncn(C3CCNCC3)c2-c2ccnc(Oc3ccccc3)n2)cc1
CHEMBL268244,COC(=O)c1ccc(OCC(O)CNCCN2CCOCC2)cc1
CHEMBL8469,Cc1nn(-c2ccccc2)c(-c2ccccc2)c1CC(N)=O
CHEMBL7493,COc1ccc(-c2nnc3n(C)c4ccccc4n3c2=O)cc1
CHEMBL10466,CCC1(CC)C(=O)N(COC(=O)Nc2ccc(C)cc2)C1S(=O)(=O)c1ccccc1
CHEMBL14763,Oc1ccc(Oc2nccc(-c3c(-c4ccc(F)cc4)ncn3C3CCNCC3)n2)cc1
CHEMBL11153,Cc1ccc(NC2=C(Cl)C(=O)c3cccnc3C2=O)cc1
CHEMBL7516,Cc1cccc(Cn2cnc3c(N(C)C)ncnc32)c1
CHEMBL274391,COc1cccc2c1CCC[C@H]2CN(C)CCc1ccc2c(c1)OCC2
CHEMBL273231,O=C(O)CCC/C=C\C[C@H]1[C@H](CNS(=O)(=O)c2ccc(Cl)cc2)C2CC1(c1ccc(F)cc1)CO2
CHEMBL269399,CS(=O)(=O)Nc1ccc(Nc2c3ccccc3nc3cc([N+](=O)[O-])ccc23)cc1
CHEMBL9423,CCCCN(C)C(=O)[C@H](Cc1ccc(C(N)NN)cc1)NS(=O)(=O)c1ccc2ccccc2c1
CHEMBL8632,COc1cc2nc(N3CCN(C(=O)C4COc5ccccc5O4)CC3)cc(N)c2cc1OC
CHEMBL266541,O=C1N(CN2CCCC2)c2ccccc2C12OCCO2
CHEMBL265673,Cc1c(NC(=O)CCc2ccc(Cl)cc2)ccc2nc(N)nc(N)c12
CHEMBL9997,CCC(=O)NCCc1c2n(c3ccc(OC)cc13)CCc1ccccc1-2
CHEMBL13495,CC[C@@]1(O)C(=O)OCc2c1cc1n(c2=O)Cc2cc3ccncc3nc2-1
CHEMBL7397,CCOC(=O)c1cccnc1N1CCN(C(=O)c2cc3ccccc3[nH]2)CC1
CHEMBL13047,CCCCc1c(O)n(Cc2ccccc2)c2nc3c(c(=O)n(C)c(=O)n3C)n2c1=O
CHEMBL12843,OCCN1CCN(c2cn(-c3ccc(F)cc3)c3ccc(C(F)(F)F)cc23)CC1
CHEMBL14969,O=c1c(-c2ccc(Cl)cc2Cl)cccn1C(CN1CCCC1)c1ccccc1
CHEMBL275031,O=C(NCC=C1c2ccccc2CCc2ccccc21)Nc1ccc(Cl)cc1
CHEMBL276617,Cc1sc2nc(SCCCN3CCN(c4ccccc4[N+](=O)[O-])CC3)n(N)c(=O)c2c1C
CHEMBL275732,COc1ccc(-c2csc(-c3ccc(S(=O)(=O)NC(C(=O)CCC(=O)O)C(C)C)cc3)n2)cc1
CHEMBL12527,C/N=C(\NC#N)NCCSCc1c[nH]c2ccccc12
CHEMBL9861,[O-][S+](Cc1ccccn1)c1nc2ccccc2[nH]1
CHEMBL8689,COc1cc2nc(N3CCN(C(=O)c4ccco4)CC3)cc(N)c2cc1OC
CHEMBL6246,O=c1oc2c(O)c(O)cc3c(=O)oc4c(O)c(O)cc1c4c23
CHEMBL7975,O=C(O)C1Cc2cc3c(-c4ccccc4F)noc3c(Br)c2O1
CHEMBL273958,O=NN(CCF)C(=O)NC1CCSc2ccccc21
CHEMBL9951,O=C1c2ccccc2CCCN1CCN1CCC(n2ccc3cc(F)ccc32)CC1
CHEMBL9098,O=C(c1c(F)c(F)c(F)c(F)c1F)c1ccc2n1CCC2C(=O)O
CHEMBL14320,CCOC(=O)C1(CCCCCCCCc2ccccc2)CO1
CHEMBL13285,COc1cccc(OC)c1OC(=O)C(CC(=O)N1CCCCC1)N1CCCCC1
CHEMBL7093,C/C(=C\CC1SC(=O)NC1=O)c1cccc(OCc2nc(-c3ccc(OC(F)(F)F)cc3)oc2C)c1
CHEMBL15235,O=C(NCc1ccncc1)c1c(O)c2cccnc2n(-c2ccccc2)c1=O
CHEMBL9876,COC(=O)C(C)(C)C(=O)Oc1ccc(C(=O)c2ccccc2)cc1
CHEMBL267076,Cn1cc(C2=NCC3(CN4CCC3CC4)O2)c2cc(N)ccc21
CHEMBL13251,CCN(CC)CCOc1ccc(/C(=C\Cc2ccccc2)c2ccc(O)cc2)cc1
CHEMBL8376,S=C(Nc1ccc(Cl)cc1)OC(Cn1ccnc1)c1ccc(Cl)cc1Cl
CHEMBL274167,CCCCN(CC)C(=O)c1ccc(N(c2ccccc2)[C@@H]2C[C@H]3CC[C@@H](C2)N3CCc2ccccc2)cc1
CHEMBL14209,O=C1CC2(CCCC2)CC(=O)N1CCN1CCc2ccccc2C1
CHEMBL14719,O=C(Nc1ccc(Cl)cc1)c1c(O)c2cccnc2n(-c2ccccc2)c1=O
CHEMBL15353,CC1CN(c2cc3c(cc2F)c(=O)c(C(=O)O)cn3C2CC2)CCN1
CHEMBL442328,CCCCCCCCCCC12NC(Cc3ccccc31)c1ccccc12
CHEMBL273901,CCCN1CCN(c2cc3c(cc2F)c(=O)c(C(=O)O)cn3NC)CC1
CHEMBL14088,CC(C)(C)CC(=O)N[C@@H]1CCc2ccccc2N(Cc2ccc(-c3ccccc3-c3nn[nH]n3)cc2)C1=O
CHEMBL12833,O=P(O)(O)Cc1ccc2nc(O)c(O)nc2c1
CHEMBL14536,COc1ccccc1-c1cc(O)c2cc3c(cc2n1)OCO3
CHEMBL12478,CCNn1cc(C(=O)O)c(=O)c2cc(F)c(N3CCN(C)CC3)cc21
CHEMBL266763,CC1Cc2cc3c(cc2C(c2ccc(N)cc2)=NN1C(=O)c1ccccc1)OCO3
CHEMBL13532,CC(C)N1C(=O)NC(c2ccc(F)cc2)c2cc3c(cc21)OCO3
CHEMBL13290,O=C1CN=C(c2ccccc2)c2cc(F)ccc2N1
CHEMBL10262,CN(C)c1ccc2c(=O)oc(Nc3ccccc3I)nc2c1
CHEMBL10087,CCOCCn1c([S+]([O-])Cc2nccc(SCC)c2C)nc2ccccc21
CHEMBL10444,O=C1O[C@H](c2ccc(F)cc2)[C@@](Cn2cncn2)(c2ccc(Cl)cc2Cl)O1
CHEMBL106,OC(Cn1cncn1)(Cn1cncn1)c1ccc(F)cc1F
CHEMBL276408,CC(C)c1ccc(C2N=C(S)N(C(C)C)c3cc4c(cc32)OCO4)cc1
CHEMBL10232,CCSc1ccnc(C[S+]([O-])c2nc3ccccc3n2COC(=O)C(C)(C)C)c1C
CHEMBL276489,O=C(c1ccc(Cl)cc1)C(O)(Cn1cncn1)c1ccc(Cl)cc1
CHEMBL12686,COc1ccc(S(=O)(=O)Nc2ccc(CCNC[C@H](O)COc3ccc(O)cc3)cc2)cc1
CHEMBL7378,CCCc1cc(=O)oc2c3c(c4c(c12)OC(C)(C)C=C4)O[C@H](C)[C@H](C)C3=O
CHEMBL10580,CCCCCC(O)(Cn1cncn1)C(=O)c1ccc(Cl)cc1
CHEMBL9781,C1=C(c2ccc(-c3ccccc3)cc2)N2CCCN=C2c2ccccc21
CHEMBL10290,O=C(c1ccc(Cl)cc1)C(O)(Cn1cnnc1)c1ccc(Cl)cc1
CHEMBL11385,Cn1c(=O)c2nc(-c3cccc([N+](=O)[O-])c3)[nH]c2n(C)c1=O
CHEMBL273604,C=C1C(=O)c2ccccc2OC1c1cccc(Cl)c1
CHEMBL14896,COc1ccc2c(c1)OCCC2CN1CCC2(CC1)C(=O)NCN2c1ccccc1
CHEMBL428672,CCOC(=O)C1C(=O)C(=O)NC12CCOc1ccc(F)cc12
CHEMBL268859,Cc1c(C(=O)N(C)CCC(=O)O)s/c(=N\C(=O)c2ccc(C(=N)N)cc2)n1C
CHEMBL8651,CCCCNC(=O)C(=O)[C@H](Cc1ccccc1)NC(=O)C1Cc2cc3c(cc2S(=O)(=O)N1CC)OCCO3
CHEMBL9751,CN1C2CCC1CC(OC(=O)C(CO)c1ccccc1)C2
CHEMBL12609,COc1ccc(NC(=O)c2cc(OCCCN(C)C)nn2Cc2ccccc2)cc1
CHEMBL9004,CCCCCC(O)c1cccc(COc2ccccc2)c1
CHEMBL9646,COP(=O)(Nc1ccc(Nc2c3ccccc3nc3c(C)cccc23)cc1)OC
CHEMBL269256,O=C(c1cc2ccccc2[nH]1)N1CCN(c2ncccc2NCC2CC2)CC1
CHEMBL276381,CCCCc1nc(C(N)=O)c(C(N)=O)n1Cc1ccc(-n2cccc2-c2nn[nH]n2)cc1
CHEMBL274544,CC(S(=O)(=O)c1ccc(Cl)cc1)S(=O)(=O)C(F)(F)F
CHEMBL438755,CCCN1CCN(CCC)C2(COc3cccc(OC)c3C2)C1
CHEMBL280223,O=C(O)CCCCCCN1C(=O)CC[C@@H]1/C=C/C(O)C1(c2ccccc2)CC1
CHEMBL275135,CCN(CC)C(=O)c1ccc(N(c2ccccc2)[C@@H]2C[C@H]3CC[C@@H](C2)N3CCc2ccccc2)cc1
CHEMBL275301,CC(C)c1ccccc1Sc1c(O)cc(-c2ccc(F)cc2)oc1=O
CHEMBL7233,CC(C)(C)NCC(O)COC(=O)c1ccc(O)cc1
CHEMBL9489,CCCCn1cc(C(=O)NCCN(C)C)c2nc3c(C)cccc3cc2c1=O
CHEMBL12262,Cc1cn2c(=O)c3cc(C(=O)O)ccc3nc2s1
CHEMBL12251,CN(C)CCCOc1cc(C(=O)Nc2cccc(Cl)c2)n(Cc2ccccc2)n1
CHEMBL14467,CC1CC/C(=N\Nc2ccccc2F)c2ncc(C(=O)O)c(=O)n21
CHEMBL266685,C/N=C(/NC#N)NC1c2cnccc2OC(C)(C)[C@H]1O
CHEMBL277136,Cc1ccc2c(c1)N(C(=O)N1C[C@@H](C)N[C@H](C)C1)Cc1c(C(=O)OC(C)(C)C)ncn1-2
CHEMBL11856,CC(C)Sc1ccc(CC2CCN(C3CCN(C(=O)c4ccccc4Cl)CC3)CC2)cc1
CHEMBL273607,CC1(C)OCC(COC(=O)c2cn3c(ccc4ccccc43)n2)O1
CHEMBL6233,O=C(C1CCCCN1)N1CCN(Cc2ccccn2)CC1
CHEMBL11746,O=C(O)COc1cccc2c1CCCC2CCn1cc(C(c2ccccc2)c2ccccc2)cn1
CHEMBL275567,COc1ccc(C(CN)c2ccc(OC)cc2)cc1
CHEMBL11909,Nc1ncnc2c1ncn2C1OC(CO)C(O)C1O
CHEMBL12730,O=[N+]([O-])c1cc2nc(O)c(O)nc2cc1-n1cccc1
CHEMBL14460,Cc1cc2c(cc1C(F)(F)F)N(C(=O)Nc1ccc(Oc3cccnc3C)nc1)CC2
CHEMBL14717,CC(=O)Nc1cc2c(c(N3CCCC3)c1C#N)C[C@H](O)C(C)(C)O2
CHEMBL15377,C=C(c1c(C)ccc(Cl)c1OCC(O)CNC(C)C)n1ccnc1
CHEMBL9999,COc1ccc(Sc2ccc(CC3=NCCN3)cc2)cc1
CHEMBL13872,CCNC(=O)C1=CC(C)(C)Oc2ccc([N+](=O)[O-])cc21
CHEMBL9706,OC[C@@]1(CCCCCc2ccccc2)CC2C3Cc4ccc(O)c5c4C2(CCN3CC2CC2)C(O5)[C@@H]1O
CHEMBL275780,CC(C)[C@H]1OS(=O)O[C@]1(Cn1cncn1)c1ccc(Cl)cc1
CHEMBL12465,NCc1ccn(-c2cc3c(cc2[N+](=O)[O-])[nH]c(=O)c(=O)n3CC(=O)O)c1
CHEMBL415292,CN(C)c1cccc2c(S(=O)(=O)Nc3ccc(Cl)nc3)cccc12
CHEMBL12091,Nc1nc(=O)n(C2OC(CO)C(Cl)C2O)cc1F
CHEMBL11251,Oc1ncnc2c1ncn2C1CCCc2ccccc21
CHEMBL276903,O=C(CCCc1ccccn1)NCCc1c[nH]cn1
CHEMBL8828,CCCC[C@@H](C[C@@H](CCc1ccc(-c2ccc(F)cc2)cc1)C(=O)N[C@H](C(=O)NC)C(C)(C)C)C(=O)O
CHEMBL13483,CC(C)n1c(=O)nc(-c2ccc(C(=O)O)cc2)c2cc3c(cc21)OCO3
CHEMBL266709,C=CCC1Oc2cccc(O)c2-c2ccc3c(c21)C(C)=CC(C)(C)N3
CHEMBL6414,CN(C)c1cccc2c(S(=O)(=O)Nc3cccnc3)cccc12
CHEMBL12785,O=S(=O)(CS(=O)(=O)C(F)(F)F)c1ccc(C(F)(F)F)cc1
CHEMBL15489,O=C(O)CCSC(SCCC(=O)O)c1ccccc1CCCCCCCCc1ccccc1
CHEMBL417988,COc1ccc2[nH]c(-c3ccccc3)c(CCNC(=O)C(F)(F)F)c2c1
CHEMBL6843,CCC1CCNc2cc3oc(=O)cc(C(F)(F)F)c3cc21
CHEMBL451241,O=C(Oc1ccc2[nH]c(C(=O)c3cc4ccccc4[nH]3)cc2c1)c1ccc([N+](=O)[O-])cc1
CHEMBL12575,COc1cccc(OC)c1CN1CCc2c([nH]c3ccccc23)C1
CHEMBL413497,CCN(CC)CCNCCNc1ccc2ncn3c4ccc(O)cc4c(=O)c1c23
CHEMBL275722,COC[C@H]1OC(=O)c2coc3c2[C@@]1(C)C1=C(C3=O)[C@@H]2CC=C(OC(C)=O)[C@@]2(C)C[C@H]1OC(C)=O
CHEMBL268214,CC1(C)C(=O)N(c2ccc(C#N)c(C(F)(F)F)c2)C(=O)N1CCCc1cccc(I)c1
CHEMBL427957,CC[C@H]1C[C@@H](C)Nc2cc3nc(O)cc(C(F)(F)F)c3cc21
CHEMBL9633,CCCCN(CC)c1nc(C)nc2c1nnn2-c1c(Br)cc(OC)cc1OC
CHEMBL11055,COc1ccnc2c1CCc1cc(Cl)ccc1C2=C1CCN(C(C)=O)CC1
CHEMBL276820,CCC1(O)C(=O)OCc2c1cc1n(c2=O)Cc2cc3ccccc3nc2-1
CHEMBL13463,CC(CN1CCOCC1)n1cc(C(=O)c2ccccc2F)c2ccccc21
CHEMBL10944,CCN(CC)C(C)Cc1cc(OC)c(I)cc1OC
CHEMBL11263,CC(=O)Nc1ccc(CCCCNCCc2c(-c3cc(C)cc(C)c3)[nH]c3ccccc23)cn1
CHEMBL10652,CCN(CC)CCNC(=O)c1cc(Cl)c(NC(=O)COc2ccccc2Cl)cc1OC
CHEMBL12314,CN1C[C@@H](NS(=O)(=O)N(C)C)C[C@@H]2c3cccc4c3c(cn4C)C[C@H]21
CHEMBL10331,O=C1CCC(c2ccccc2)(C2CCN(Cc3ccccc3F)CC2)C(=O)N1
CHEMBL440,C=CCC1(C(C)CCC)C(=O)NC(=S)NC1=O
CHEMBL13098,COC(=O)c1ccccc1OCC(O)CNCCNS(=O)(=O)c1ccc(C)cc1
CHEMBL6789,CCCCNC(=O)CC1CCN(c2nc(N)c3cc(OC)c(OC)cc3n2)CC1
CHEMBL7347,Nc1nc(N)c2cc(CNC(=O)c3ccc4ccccc4c3)ccc2n1
CHEMBL274320,COc1ccc(-c2sc3cc(OC)ccc3c2C(=O)c2c(OC)cccc2OC)cc1
CHEMBL9941,COc1ccc(/C=C/C(=O)c2cc(OC)c(OC)c(OC)c2)cc1O
CHEMBL7362,CNC(=O)NCC(C)(C)NCC(O)COC(=O)c1ccccc1F
CHEMBL6637,C/C(=C\Cn1oc(=O)[nH]c1=O)c1ccc(OCCc2nc(-c3ccc(C(F)(F)F)cc3)oc2C)cc1
CHEMBL6865,CC1=C(C(=O)OC(C)(C)C)N2C(=O)/C(=C\OC(=O)C(C)(C)C)[C@H]2S(=O)(=O)C1
CHEMBL276236,COc1cccc2c1CCC[C@H]2CN(C)CCc1ccc2c(c1)CCN2
CHEMBL266120,Cc1cccc(NC(=O)NNc2nc3ccccc3c(=O)n2-c2cccc(OC(C)C)c2)c1
CHEMBL6533,C[C@]1(Cn2ccnn2)[C@H](C(=O)[O-])N2C(=O)[C@@H](CO)[C@H]2S1(=O)=O.[Na+]
CHEMBL8505,CC(C)(C)c1cc(/C=C/c2cccc(C(F)(F)F)c2)cc(C(C)(C)C)c1O
CHEMBL9933,CC(C)(C)C(=O)Oc1ccccc1C(=O)c1ccccc1OC(=O)C(C)(C)C
CHEMBL7971,CCOC(=O)c1cc(NC(=O)Cc2cccs2)ccc1OCC(O)CNC(C)(C)C
CHEMBL269226,CCCCc1c(O)n(Cc2ccc(Cl)cc2)c2nc3c(c(=O)n(C)c(=O)n3C)n2c1=O
CHEMBL274170,O=C(/C=C/c1ccc(O)cc1)c1ccc(Cl)c(Cl)c1
CHEMBL441950,c1ccc(Cc2ccc(OCCn3cnc4cnccc43)cc2)cc1
CHEMBL9743,Oc1ccc2c3c1OC1[C@H]4OC[C@@]4(CCCc4ccccc4)CC4C(C2)N(CC2CCC2)CCC341
CHEMBL416709,CCCN(CCC)C(=O)c1ccc(N(c2ccccc2)[C@@H]2C[C@H]3CC[C@@H](C2)N3C)cc1
CHEMBL10157,CC(C)(C)C(=O)Oc1ccc(Oc2ccc(OC(=O)C(C)(C)C)cc2)cc1
CHEMBL12105,O=C1CC(Cc2ccccc2)C(=O)N1OS(=O)(=O)/C=C/c1ccccc1
CHEMBL8867,NC(C(=O)N[C@@H]1C(=O)N2C(C(=O)O)=C(Cl)CS[C@H]12)c1ccccc1
CHEMBL416163,C/N=C(\NC#N)NCCSCCn1nc(-c2ccccc2)ccc1=O
CHEMBL278982,CCOC(=O)c1c(CN2CCc3ccccc3C2)nc2ccccc2c1-c1ccccc1
CHEMBL8739,CC/C=C\C/C=C\C/C=C\CCCCCCCC(=O)O
CHEMBL10733,COc1ccc(C2(O)OC(=O)C(c3ccc4c(c3)OCO4)=C2Cc2ccc(Cl)cc2)cc1
CHEMBL277781,CC(C)(C)OC(=O)c1ncn2c1CN(C(=O)N1CCN(C(C)(C)C)CC1)c1cc(Cl)ccc1-2
CHEMBL6418,COC(=O)CC/C=C\CC[C@H]1C(=O)C[C@@H](O)[C@@H]1/C=C/CC(C)(O)CCC1CCCCC1
CHEMBL266618,CSCC[C@H](NC(=O)c1ccc(COc2ccccc2)cc1-c1ccccc1)C(=O)O
CHEMBL274685,Cc1ccc2c(c1)N(C(=O)N1CCN[C@H](C)C1)Cc1c(C(=O)OC(C)(C)C)ncn1-2
CHEMBL12001,CCCCC/C=C(\NC(=O)C1CC1(Cl)Cl)C(=O)O
CHEMBL12299,CCN(CC)CCN(Cc1ccccc1)C(=O)c1ccc(-n2ccnc2)cc1
CHEMBL9282,OCCC12NC(Cc3ccccc31)C1CCCCC12
CHEMBL268844,COc1ccc2c(c1/N=C(\S)Nc1ccc([N+](=O)[O-])cc1)C(C)(C)COC2(C)C
CHEMBL275142,CCCCCCCCCCCC(=O)NC(CCCCCC)COP(=O)(O)OCCOCc1ccccc1
CHEMBL9917,COc1ccc2c(c1)c(CCNC(=O)C1CCC1)c1n2CCCc2ccccc2-1
CHEMBL7896,CN(C)c1ncnc2c1ncn2Cc1cccc(Br)c1
CHEMBL275569,COc1cc([C@@H]2c3[nH]c4ccccc4c3C[C@H]3COC(=O)N32)cc(OC)c1O
CHEMBL15454,C=C(c1cc(C)cc(C)c1OCC(O)CNC(C)(C)C)n1ccnc1
CHEMBL7984,Cc1cc(OCCCC(C)(C)C(=O)O)c(C)c(C)c1OCCCC(C)(C)C(=O)O
CHEMBL14605,Cc1csc2c1C(N1CCN(C)CC1)=Nc1cc(F)ccc1N2
CHEMBL269381,CN(C)c1ncnc2c1ncn2Cc1c(F)cccc1Cl
CHEMBL11622,CC(=O)Nc1ccn(COCCOC(=O)Oc2ccccc2)c(=O)n1
CHEMBL278450,COc1oc(=O)c2cc(NC(=O)C(NS(=O)(=O)c3ccc(C)cc3)c3ccccc3)ccc2c1Cl
CHEMBL12229,CCc1cccc(-c2cc(O)c(Sc3ccccc3C(C)C)c(=O)o2)c1
CHEMBL12166,C/C=C(\NC(=O)C1C(C=C(C)C)C1(C)C)C(=O)O
CHEMBL7732,CCCn1cc(CCN(C)C)c2cc(OC)ccc21
CHEMBL273906,O=C(O)c1ccc(-c2nnc3c4ccccc4c(N4CCCC4)nn23)cc1
CHEMBL275934,COc1ccc(CCNCC(O)COc2ccc(OCc3ncc[nH]3)cc2)cc1OC
CHEMBL266198,NC(=O)c1cc2c(Sc3ccc(Br)cc3)cncc2s1
CHEMBL12491,OC1(c2ccc(Cl)cc2)CCN(CCCn2c3c(c4ccccc42)CCN(CCc2ccccn2)C3)CC1
CHEMBL103,CC(=O)[C@H]1CC[C@H]2[C@@H]3CCC4=CC(=O)CC[C@]4(C)[C@H]3CC[C@]12C
CHEMBL7690,Cc1cc(-c2c(F)cc3c(=O)c(Cc4cccc(O)c4O)cn(C4CC4)c3c2F)cc(C)n1
CHEMBL267307,CC(C)N(CCC(CCN1CCCCC1)(C(N)=O)c1ccc(C(C)(C)C)cc1)C(C)C
CHEMBL11508,O=C(O)c1cccc(C(=O)/C=C/c2cccc(/C=C/c3ccc4ccccc4n3)c2)c1O
CHEMBL13502,COc1cc(C)cc(OC)c1OC(=O)C(CC(=O)N1CCOCC1)N1CCOCC1
CHEMBL8595,CC(C)c1cc(/C=C/c2cccs2)cc(C(C)C)c1O
CHEMBL417984,CC(C)N(CCC(CCCN1CCCCC1)(C(N)=O)c1ccccc1Cl)C(C)C
CHEMBL9156,CCCCCCCC/C=C\CCCCCCCCOC(=O)N(CCCl)CCCl
CHEMBL14061,CCCc1c(O)n(Cc2ccccc2)c2nc3c(n2c1=O)C(=O)N(C)CN3C
CHEMBL10252,O=c1oc(Nc2c(Cl)cccc2Cl)nc2ccccc12
CHEMBL14563,Cc1cc2c(cc1Cl)N(C(=O)Nc1ccc(Oc3cccnc3C)nc1)CC2
CHEMBL269624,CC1(C)C(=O)[C@]2(CS(=O)(=O)N3CCC4(C=Cc5ccccc54)CC3)CCC1C2(C)C
CHEMBL274078,COc1cccc(OC)c1OC(=O)C(CCSC)N1CCCC1
CHEMBL12481,Cc1ccc(S(=O)(=O)O)cc1.N/C(=N\O)N/N=C/c1ccc(OCc2ccccc2)cc1
CHEMBL15087,NC1CCN(c2cc3c(cc2F)c(=O)c(C(=O)O)cn3C2CC2)C1
CHEMBL10255,COc1ccc(-c2cc(OC)c(OC)c(OC)c2)cc1O
CHEMBL11367,CC/C(=C(\c1ccc(OC(C)=O)cc1)c1cccc(OC(C)=O)c1)c1cccc(OC(C)=O)c1
CHEMBL10328,CCCC(=O)NCCc1c2n(c3ccccc13)Cc1ccccc1-2
CHEMBL267502,N=C(NN)c1ccc(CNC(=O)[C@@H]2CCCN2C(=O)[C@H](NCC(=O)O)C(c2ccccc2)c2ccccc2)s1
CHEMBL10392,CC(C)c1ccc2c(=O)oc(Nc3ccccc3I)nc2c1
CHEMBL12826,CC(=O)NC(Cc1ccccc1)C(=O)NCC(=N)S
CHEMBL276824,CCSc1ccnc(C[S+]([O-])c2nc3ccccc3n2C(=O)Oc2ccccc2)c1C
CHEMBL13444,CCCCc1c(O)n(-c2ccc(F)cc2)c2nc3c(c(=O)n(C)c(=O)n3C)n2c1=O
CHEMBL416897,CC(C)(C)OC(=O)c1ncn2c1CN(C(=O)N1CCOCC1)c1ccccc1-2
CHEMBL277606,CC1(C)C=C(C(=O)NCCCNC(=O)C2CC=CCC2C(=O)O)C(C)(C)N1
CHEMBL275534,Cc1cc(N2CCOCC2)nnc1Nn1c(C)ccc1C
CHEMBL6766,CCCNC(=O)CC1CCN(c2nc(N)c3cc(OC)c(OC)cc3n2)CC1
CHEMBL427806,CC(C)(N)C(=O)N[C@H](Cc1c[nH]c2ccccc12)C(=O)N1CCCC2(Cc3ccccc3C2)C1
CHEMBL10815,CC(c1ccccc1)N1C(=O)c2c(F)c(F)c(F)c(F)c2C1=O
CHEMBL417971,CCCCS(=O)(=O)N1C[C@@H](c2ccc3c(c2)OCO3)[C@H](C(=O)O)[C@H]1c1ccc(OC)cc1
CHEMBL13632,CN1CCc2cc(Cl)c(O)cc2C(c2cccc(Br)c2)C1
CHEMBL9122,O=c1ccn(C2CC(O)C(O)C(CO)O2)c(=O)[nH]1
CHEMBL11430,Oc1c(Cl)c(OCC(F)(F)F)nc(C(Cl)(Cl)Cl)c1Cl
CHEMBL10142,COc1cc(Br)c(-n2c(C)nc3c(-c4ccccc4C(F)(F)F)nc(C)nc32)c(OC)c1
CHEMBL273725,Cc1cc(C)cc(-c2[nH]c3ccccc3c2CCNCCCc2ccncc2)c1
CHEMBL274097,CCCC(=O)C(O)(Cn1cncn1)c1ccccc1Cl
CHEMBL15494,C=CCOc1ccccc1-c1ncc(-c2nn[nH]n2)c(O)n1
CHEMBL10558,CCCCCc1ccc2nc(O)c(C(=O)Nc3ccc(OCCCCCCCC(=O)O)cc3)c(O)c2c1
CHEMBL15111,CC(C)(O)CC(=O)c1cc2c(c(C(C)(C)C)c1)OCCC2
CHEMBL6279,Cn1cc(C2=C(c3cn(CCC/N=C(\N)N[N+](=O)[O-])c4ccccc34)C(=O)NC2=O)c2ccccc21
CHEMBL14681,C=C(C)c1ccc(OCCCN2CCC(c3noc4cc(F)ccc34)CC2)c(OC)c1
CHEMBL9186,N#Cc1ccc(C(=O)c2ccc3n2CCC3C(=O)O)cc1
CHEMBL7607,O=C1c2ccc(OCc3ccccc3)cc2CCC1CCN1CCC(c2ccccc2)CC1
CHEMBL10209,COc1c(C)cnc(C[S+]([O-])c2nc3ccccc3n2COC(C)=O)c1C
CHEMBL277510,CCC1=C(c2ccccc2)c2ccc(OCCN(C)C)cc2Oc2ccccc21
CHEMBL10110,COc1ccc2c(c1)c(CCNC(=O)C1CC1)c1n2Cc2ccccc2-1
CHEMBL13186,CCn1c(=O)c2nc(C(=O)Nc3nn[nH]n3)cn2c2ccccc21
CHEMBL13893,c1ccc(CN2CC(C3=NCCN3)Oc3ccccc32)cc1
CHEMBL274906,Cn1cc(C(=O)CCCCc2ccccc2)cc1/C=C/C(=O)NO
CHEMBL268629,C#CCN(Cc1ccc2nc(C)nc(O)c2c1)c1ccc(C(=O)N[C@H](Cc2ccc([N+](=O)[O-])cc2)C(=O)O)cc1
CHEMBL269294,O=C(N[C@H](Cc1ccc2ccccc2c1)C(=O)O)c1ccccc1Br
CHEMBL10518,CCC1(CC)C(=O)N(COC(=O)c2ccccc2)C1S(=O)(=O)c1ccccc1
CHEMBL9443,COc1ccnc(C[S+]([O-])c2nc3cc(OC(F)F)ccc3[nH]2)c1C
CHEMBL12121,O=NN(CCF)C(=O)NC1CCS(=O)(=O)CC1
CHEMBL10005,CC(C)(C)c1ccc(C2=Cc3ccc(N(Cc4ccccc4)Cc4ccccc4)cc3C3=NCCCN23)cc1
CHEMBL10800,CCC[C@@H]1Cc2cc(C)n(CC(=O)NCc3ccc(N)nc3C)c(=O)c2NC1=O
CHEMBL440765,CN(C(=O)Cc1ccccc1)[C@H]1CC[C@@]2(CCCO2)C[C@@H]1N1CCCC1
CHEMBL11461,Cc1cc(O)n2nc(NS(=O)(=O)c3ccc(Cl)cc3)nc2n1
CHEMBL415977,COC(=O)c1ccc(OCC(O)CNCCN2CCCCC2)cc1
CHEMBL14550,COc1cc(-c2cc(O)c3ccccc3n2)cc(OC)c1OC
CHEMBL14289,Cc1nc2n(c(=O)c1C(N)=O)C(C)CCC2=NNc1ccccc1
CHEMBL11620,CC(NC(=O)C(CS)C(C)c1ccc2c(c1)OCO2)C(=O)O
CHEMBL12662,Fc1ccc2[nH]c3c(c2c1)CCN(CCc1ccc2ccccc2n1)C3
CHEMBL14486,CCNC(=O)n1c(=O)n(Cc2nc3ccccc3n2CCC(C)C)c2ccccc21
CHEMBL262956,CC(C)C(NC(=O)Cn1c(-c2cc(F)cc(F)c2)ncc(N)c1=O)C(=O)C(F)(F)F
CHEMBL430154,O=C(O)COc1cccc2c1CCC(Cn1cc(C(c3ccccc3)c3ccccc3)cn1)=C2
CHEMBL13209,O=C1CN=C(c2ccccc2)c2cc([N+](=O)[O-])ccc2N1
CHEMBL10223,O=c1oc(Nc2cccc(I)c2)nc2ccccc12
CHEMBL418340,O=C1CC2(CCCC2)CC(=O)N1OCCCN1CCN(c2nc3ccccc3s2)CC1
CHEMBL10342,CC(C)(C)C(=O)Oc1ccc(Cc2ccc(OC(=O)C(C)(C)C)cc2)cc1
CHEMBL9571,Cc1c(C(=O)NCCCCCO)cnn1-c1nc(-c2cccc(C(F)(F)F)c2)cs1
CHEMBL274095,CC(C)(CCOc1cccc(OCCC(C)(C)C(=O)O)c1)C(=O)O
CHEMBL275307,CCOc1cccc(-n2c(NNC(=O)Nc3cccc(C#N)c3)nc3ccccc3c2=O)c1
CHEMBL430321,C=C1C(=O)c2ccccc2OC1(c1ccccc1)c1ccccc1
CHEMBL267075,NC1=NC(c2ccc(F)cc2)Cc2cccc(Cl)c21
CHEMBL14406,CO[C@H]1C(=O)N2C(C(=O)C(C)(C)C)=C(CSc3nnnn3C)C(Sc3nnnn3C)S(=O)(=O)[C@H]12
CHEMBL9342,C=CCNC(=O)CN1C[C@@H](c2ccc3c(c2)OCO3)[C@H](C(=O)O)[C@H]1c1ccc(OC)cc1
CHEMBL9470,CC(C)=CC[C@@H](O)C1=CC(=O)c2c(O)ccc(O)c2C1=O
CHEMBL10038,COP(=O)(Nc1ccc(Nc2c3ccccc3nc3cc(C)ccc23)cc1)OC
CHEMBL13381,CC(C)n1c(=O)nc(-c2cccc(F)c2)c2cc3c(cc21)OCO3
CHEMBL10326,O=C(c1ccccn1)C(O)(Cn1cncn1)c1ccccn1
CHEMBL15224,COc1c(N2CCC(C)(CN)C2)c(F)c(N)c2c(=O)c(C(=O)O)cn(C3CC3)c12
CHEMBL275169,COc1oc(=O)c2cc(N=C=O)ccc2c1Cl
CHEMBL14988,COc1ccc(N(C(=O)CN2C(=O)C(NC(=O)Nc3ccccc3)[N+]([O-])=C(C)c3ccccc32)C(C)C)cc1
CHEMBL10192,Cc1ccc(S(=O)(=O)N[C@@H]2C3CC(c4ccc(-c5ccccc5)cc4)(CO3)[C@H]2C/C=C/CCCC(=O)O)cc1
CHEMBL7797,CC1(c2ccccc2)Cc2cc(OCC(=O)O)c(Cl)c(Cl)c2C1=O
CHEMBL267435,CCCCCCCCCCC(=O)O[C@H](CC=C(C)C)C1=CC(=O)c2c(O)ccc(O)c2C1=O
CHEMBL10690,O=C(NC(Cc1ccccc1)C(=O)CCC(=O)N1CCCC1P(=O)(O)O)c1ccccc1
CHEMBL427808,CCCCc1cn(-c2ccccc2C(C)(C)C)c(=O)n1Cc1ccc(-c2ccccc2-c2nn[nH]n2)nc1
CHEMBL11849,O=c1cnn(-c2ccc(S(=O)(=O)N3CCC(O)CC3)c(Cl)c2)c(=O)[nH]1
CHEMBL8911,CCCS(=O)(=O)CCN1C[C@@H](c2ccc3c(c2)OCO3)[C@H](C(=O)O)[C@H]1c1ccc(OC)cc1
CHEMBL10952,O=C(O)C(CC#CCOc1ccccc1)NS(=O)(=O)c1ccc(-c2ccc(Br)cc2)cc1
CHEMBL267938,Cc1occc1Sc1cncc2sc(C(N)=O)cc12
CHEMBL8020,Oc1ccc2ccc3c4ccccc4cc4ccc1c2c43
CHEMBL269210,CC(O)(c1ccc(F)cc1)C(O)(Cn1cncn1)c1ccccc1Cl
CHEMBL7358,Nc1nc(N)c2cc(CNC(=O)c3cccc(C(F)(F)F)c3)ccc2n1
CHEMBL269331,CNc1cccnc1N1CCN(C(=O)c2cc3ccccc3[nH]2)CC1
CHEMBL14480,CC(C)n1c(=O)n(Cc2nc3ccccc3n2CCCCCCC#N)c2ccccc21
CHEMBL273937,CC(C)Cc1ccc(C(C)C(=O)OCN2CCC2=O)cc1
CHEMBL274837,Oc1ccc(Cl)cc1-n1nc(-c2cccc(C(F)(F)F)c2)nc1O
CHEMBL7958,CCCCCCCCCC(=O)c1c(O)cc(CCCCCCCCC)oc1=O
CHEMBL6762,Cc1ccc(Sc2cncc3sc(C(=O)NCCCN4CCOCC4)cc23)cc1
CHEMBL279605,CCC(c1ccc(O)c(C)c1)C(CC)c1ccc(O)c(C)c1
CHEMBL10491,CCCCC(O)(Cn1cncn1)C(=O)c1ccc(Cl)cc1
CHEMBL269424,O=C(Cc1cn2c(n1)COc1ccccc1-2)Nc1nn[nH]n1
CHEMBL267294,CC(C)N1C(=O)NC(c2ccc(Cl)c(Cl)c2)c2cc3c(cc21)OCO3
CHEMBL13139,O=C(O)CCN1CCC(C(=O)N2CCC3(CC2)CCN(c2ccncc2)C3)CC1
CHEMBL11448,CC(C)(C)OC(=O)CNC(=O)NC1CCCCC1
CHEMBL266603,CC/C=C/CC(=O)O[C@H](CC=C(C)C)C1=CC(=O)c2c(O)ccc(O)c2C1=O
CHEMBL7130,CC1(C)N=C(N)N=C(N)N1c1cccc(Cl)c1
CHEMBL9903,C[C@@H]1CC[C@H]2[C@@H](C)C(=O)O[C@@H]3O[C@@]4(C)CC[C@@H]1C32OO4
CHEMBL13474,CC(C)N1C(=O)NC(c2ccc3c(c2)OCO3)c2cc3c(cc21)OCO3
CHEMBL7643,O=C(Nc1ccc(Cl)cc1)NS(=O)(=O)c1ccc2c(c1)CCC2
CHEMBL7023,CC(C)Nc1ccccc1N1CCN(C(=O)c2cc3ccccc3[nH]2)CC1
CHEMBL12359,COc1ccc(NS(=O)(=O)c2ccc3c(c2)C(n2ccccc2=O)=CC(C)(C)O3)cc1
CHEMBL13787,CCc1c2c(nc3cnc(C#N)cc13)-c1cc3c(c(=O)n1C2)COC(=O)[C@]3(O)CC
CHEMBL7487,COc1ccc(CCNCC(O)COC(=O)c2ccccc2)cc1OC
CHEMBL15155,CC(C)(C)OC(=O)c1ncn2c1CN(C(=O)N1CCN(c3ccccn3)CC1)c1cc(Cl)ccc1-2
CHEMBL268377,COc1ccc(S(=O)(=O)N2CN(C(C)C)C(=O)C[C@@H]2C(=O)NO)cc1
CHEMBL8733,C=CCNC(=O)C(=O)[C@H](Cc1ccccc1)NC(=O)C1Cc2cc3c(cc2S(=O)(=O)N1CC)OCCO3
CHEMBL8861,O=C1[C@@H](NS(=O)(=O)c2cc3ccnc(Cl)c3s2)CCN1CCNc1ccncc1
CHEMBL14502,c1ccc(Cc2ccc(OCCn3cnc4cncnc43)cc2)cc1
CHEMBL7718,CC(C)(C)/N=C(\NC#N)Nc1cccc(/C(=C/CCCC(=O)O)c2cccnc2)c1
CHEMBL10305,CC(C)(C)C(=O)Oc1ccc(C(=O)c2ccccc2)cc1CCCO
CHEMBL8416,CC(C)(CCCOc1ccc(C(=O)c2ccccc2)c(OCCCC(C)(C)C(=O)O)c1)C(=O)O
CHEMBL14567,CC(C)CCn1c(Cn2c(=O)n(Cc3ccc(O)cc3)c3ccccc32)nc2ccccc21
CHEMBL430151,OCCN1CCC(c2cn(-c3ccc(F)cc3)c3ccc(Cl)cc23)CC1
CHEMBL15239,CCC(C)NC(=O)c1nc(-c2ccccc2)c2ccccc2c1C
CHEMBL15358,Oc1nc(-c2ccccc2OCC2CC2)ncc1-c1nn[nH]n1
CHEMBL9733,Oc1ccc2c3c1OC1[C@H]4OC[C@@]4(CCCCc4ccccc4)CC4C(C2)N(CC2CC2)CCC341
CHEMBL14514,CC(=O)NCCc1cccc2ccc(OCCOc3ccc4cccc(CCNC(C)=O)c4c3)cc12
CHEMBL13289,CCN(CC)CCOc1ccc(/C(=C\C(C)C)c2ccc(O)cc2)cc1
CHEMBL416155,CN(C)c1ccc2c(c1O)C(O)=C1C(=O)[C@]3(O)C(O)=C(C(N)=O)C(=O)[C@@H](N(C)C)[C@@H]3CC1C2
CHEMBL10858,CCCCC(=O)O[C@]1(C(=O)CO)C(C)CC2C3CCC4=CC(=O)C=CC4(C)[C@@]3(F)C(O)CC21C
CHEMBL14946,CCOc1ccc(-c2n[n+]3ccccc3c3ccc4ccccc4c23)cc1
CHEMBL12477,CCC(=O)NC1Cc2cccc3ccc(OC)c(c23)C1
CHEMBL10673,O=C(Nc1ccc(S(=O)(=O)NC(CC#Cc2ccccc2)C(=O)O)cc1)c1ccc(Cl)cc1
CHEMBL14388,CCCN(CCC)[C@H]1Cc2c(cccc2OC)C[C@@H]1C
CHEMBL7067,CC(CCc1ccccc1)NCC(O)c1cc(C(N)=O)c2c(ccn2C)c1
CHEMBL15015,C[C@]12CCC(=O)C=C1CCC1C2=CC[C@@]2(C)C1CC[C@]2(O)C(=O)CN1CCN(Cc2ncccc2O)CC1.O=C(O)/C=C/C(=O)O
CHEMBL7794,Cc1cc(-c2c(F)cc3c(=O)c(Cc4ccccn4)cn(C4CC4)c3c2F)cc(C)n1
CHEMBL275453,CN1CCC23c4c5ccc(O)c4OC2[C@H]2OC[C@@]2(CCCCCc2ccccc2)CC3C1C5
CHEMBL9735,CC(=O)N[C@@H](Cc1ccccc1)C(O)[C@H](Cc1ccccc1)NC(C)=O
CHEMBL273938,COc1cc2c(c(OC)c1OC)-c1ccc(SC)c(=O)cc1C(NC(C)=O)CC2
CHEMBL7658,CCOC(=O)C1=C(O)C(=O)N(Cc2cccc3ccccc23)C1
CHEMBL8482,COc1cc2cc(N3CCCCC3)nc(N)c2cc1OC
CHEMBL10484,CC(C)[S+]([O-])CC[C@@H](C)C1CCC2C3CC=C4C[C@@H](O)CC[C@]4(C)C3CC[C@@]21C
CHEMBL274352,N=C(N)NCCC[C@H](NCc1ccc2ccccc2c1)C(N)=O
CHEMBL15057,CCOC(=O)n1c(=O)n(Cc2nc3ccccc3n2CCC(C)C)c2ccccc21
CHEMBL7161,CC(C)C(=O)c1cccnc1N1CCN(C(=O)c2cc3ccccc3[nH]2)CC1
CHEMBL8972,C=CCCCCCCCCCC(=O)CC(=O)N[C@H]1CCOC1=O
CHEMBL264721,COc1cc2nc(N3CCN(/C(S)=N/c4ccccc4)CC3)nc(N)c2cc1OC
CHEMBL12539,CCCCC[C@](C)(O)/C=C/C1[C@@H]2C[C@@H](O)[C@H]1C/C=C\CCCC(=O)O2
CHEMBL15445,CCCCCCCCCCS(=O)(=O)NC(CCCCCC)COP(=O)(O)OCCCC
CHEMBL439071,CC(=O)N[C@@H](Cc1ccc(OP(=O)(O)O)cc1)C(=O)NCCCC(=O)NCCCc1ccccc1
CHEMBL10355,O=C1CC2(CCCC2)CC(=O)N1OCCCN1CCN(c2cccc(C(F)(F)F)c2)CC1
CHEMBL6633,Nc1nccc(Nc2ccc(S(N)(=O)=O)cc2)n1
CHEMBL9873,COc1ccc(Oc2ccc(NC3=NCCN3)cc2)cc1
CHEMBL10960,CC[C@@]1(O)C(=O)OCc2c1cc1n(c2=O)Cc2cc3c(C[N+](C)(C)C)c(O)ccc3nc2-1
CHEMBL10361,OC(c1ccc(Cl)cc1Cl)C(O)(Cn1cncn1)c1ccc(Cl)cc1Cl
CHEMBL265077,Cn1cc(C(=O)CCCc2ccccc2)cc1/C=C/C(=O)NO
CHEMBL7024,CC(C)(C)NCC(O)COC(=O)c1ccccc1F
CHEMBL10104,CCCCCCN/N=C1\CCCC1CCCCCCC(=O)O
CHEMBL10750,O=C(O)c1c(-c2ccc3c(c2)OCO3)c2ccccc2n1Cc1ccccc1
CHEMBL277100,CC1CN(c2cc3c(cc2F)c(=O)c(C(=O)O)cn3-c2ccc(F)cc2F)CCN1
CHEMBL9534,COc1cccc(N(CC(=O)N(C)c2ccccc2)C(=O)CNC(=O)Nc2cccc(C)c2)c1
CHEMBL7873,NC1=NC(c2ccc(Cl)cc2)Cc2ccccc21
CHEMBL14844,CNC(=O)c1c(O)c2cccnc2n(-c2ccccc2)c1=O
CHEMBL9931,COC(=O)[C@@H](C)NP(=O)(COCCn1cnc2c(N)ncnc21)Oc1ccccc1
CHEMBL268381,CC(C)c1cccc(-c2ccc(C[C@H](CC(=O)NO)C(=O)N[C@H]3c4ccccc4C[C@H]3O)cc2)c1
CHEMBL10212,O=C(O)CCCCCCCOc1ccc(NC(=O)c2c(O)nc3ccccc3c2O)cc1
CHEMBL266984,O=C1[C@@H](NS(=O)(=O)c2ccc(-c3ccon3)s2)CCN1Cc1cc2cc[nH]cc-2n1
CHEMBL451240,CC(C)(C)Nc1cccnc1N1CCN(C(=O)c2cc3cc(F)ccc3[nH]2)CC1
CHEMBL8664,COc1ccc2[nH]c(C(=O)NCCCn3ccnc3)cc2c1
CHEMBL10851,COc1ccc(-c2ccc(S(=O)(=O)NC(CC#CCN3CCN(c4ccccc4)CC3)C(=O)O)cc2)cc1
CHEMBL14588,CCCCCCCCCCCCOCC(CN)OCCCCCCCCCCCC
CHEMBL10934,CCC(=O)C(O)(Cn1cncn1)c1ccc(Cl)cc1Cl
CHEMBL276430,CC(C)N(CCC(CCN(C(C)C)C(C)C)(C(N)=O)c1cccc(Cl)c1)C(C)C
CHEMBL428840,C#CCOCN1c2ccccc2C(=O)N(Cc2ccccc2)S1(=O)=O
CHEMBL13309,CN(C)C(=O)c1ccc(N(c2ccccc2)[C@@H]2C[C@H]3CC[C@@H](C2)N3CCc2ccccc2)cc1
CHEMBL10793,CN(C(=O)C1CCCCC1)[C@H](Cc1ccccc1)CN1CCN(c2nsnc2Cl)CC1
CHEMBL12617,O=S(=O)(CS(=O)(=O)C(F)(F)F)c1ccc(SC(F)(F)C(F)F)cc1
CHEMBL10330,O=C1O[C@H](c2ccc(Cl)cc2Cl)[C@@](Cn2cncn2)(c2ccc(Cl)cc2Cl)O1
CHEMBL14052,CC(C)(C)c1cc(C(=O)CS(C)(=O)=O)cc2c1OCC2(C)C
CHEMBL277740,COc1ccc(Cn2c3c(c4ccccc42)C(C)(c2ccccc2)c2cc(C(=O)O)sc2C3=O)cc1
CHEMBL13642,OC1CCN(C2=Nc3ccccc3Cn3c2cc2ccccc23)CC1
CHEMBL12537,CCCCOC(=O)N[C@@H](CCC(=O)N1CCC2(CC1)CCN(c1ccncc1)C2)C(=O)O
CHEMBL7273,Oc1cc2c(cc1CCCSc1ccccc1)OCC2
CHEMBL15231,C=C(c1cccc(C)c1OCC(O)CNC(C)(C)C)n1ccnc1
CHEMBL275731,CC(C)c1ccc2c(c1)CC[C@H]1[C@@H](O)CCC[C@]21C
CHEMBL490,Fc1ccc([C@@H]2CCNC[C@H]2COc2ccc3c(c2)OCO3)cc1
CHEMBL6455,CN1CCN2CC(c3ccc(N)cc3)c3ccccc3C2C1
CHEMBL267514,CCCCN(CCCC)CC(O)c1ccc2ncc3ccccc3c2c1
CHEMBL15167,CC1CC/C(=N\Nc2ccc(CC(=O)O)cc2)c2ncc(C(=O)O)c(=O)n21
CHEMBL274050,CCn1cc(C(=O)O)c(=O)c2cc(F)c(N3CCNC(C)C3)cc21
CHEMBL269471,C[C@]1(/C=C/C#N)[C@H](C(=O)[O-])N2C(=O)[C@@H](CO)[C@H]2S1(=O)=O.[Na+]
CHEMBL274603,COc1cc2nc(O)c(C(=O)Nc3ccc(OCCCCCCCC(=O)O)cc3)c(O)c2cc1OC
CHEMBL15305,C[C@H]1CN(C(=O)N2Cc3c(C(=O)OC(C)(C)C)ncn3-c3ccc(C(F)(F)F)cc32)C[C@H](C)N1
CHEMBL9160,CCOC(=O)c1cc2c3cc([N+](=O)[O-])ccc3nc(O)n2n1
CHEMBL13505,O=C(Cc1ccccc1)c1cc2cc(CCl)ccc2oc1=O
CHEMBL14510,CCc1ccc(OCCCN2CCC(c3noc4cc(F)ccc34)CC2)c(OC)c1
CHEMBL274807,O=S(=O)(Nc1ccc(CCNC[C@H](O)COc2ccc(O)cc2)cc1)C1CCCCC1
CHEMBL9146,CC1(C)C(=O)N(c2ccc(C#N)c(C(F)(F)F)c2)C(=O)N1Cc1cccc(I)c1
CHEMBL15223,O=c1oc2cc(Cc3ccccc3)ccc2n1CCN1CCOCC1
CHEMBL12581,O=C(O)CN1CCN(C(=O)N2CCC3(CCN(c4ccncc4)CC3)C2)CC1=O
CHEMBL7608,Oc1c(-c2ccco2)nnc2nc3ccccc3n12
CHEMBL13398,CNC(=O)Nc1ccc(S(=O)(=O)Nc2ccc(CCNC[C@H](O)COc3ccc(O)cc3)cc2)cc1
CHEMBL275980,CC(C)C(NC(=O)C(CS)C(C)c1ccccc1)C(=O)O
CHEMBL12597,CCCCC[C@](C)(O)/C=C/C1[C@H](O)C[C@@H]2OC(=O)CCC/C=C\C[C@H]12
CHEMBL11432,N#Cc1ccc(NC2=C(Cl)C(=O)c3cccnc3C2=O)cc1
CHEMBL276227,Cc1ccc(-c2nc3c(=O)n(C)c(=O)n(C)c3[nH]2)c(N)c1
CHEMBL276248,O=C(O)C1Cc2cc3c(-c4ccccc4)noc3c(Cl)c2O1
CHEMBL268644,CCc1c(CC(N)=O)nn(-c2ccccc2)c1-c1ccccc1
CHEMBL273370,CN(C)c1cccc(-c2nc3c(=O)n(C)c(=O)n(C)c3[nH]2)c1
CHEMBL417796,O=NN(CCCl)C(=O)NC(CCC(=O)O)C(=O)O
CHEMBL13983,Cc1[nH]c(/C=C2\C(=O)Nc3ccc(F)cc32)c(C)c1C(=O)NCC1CCN(C)CC1
CHEMBL10412,O=C(O)CCC/C=C/C[C@H]1[C@H](COCc2ccccc2)C2CC1(c1ccccc1)CO2
CHEMBL12532,CSc1nnc(-c2cc(C(C)(C)C)c(O)c(C(C)(C)C)c2)s1
CHEMBL279166,CC(C)(C)c1cc(C(=O)CCCC2CC2)cc2c1OCC2
CHEMBL266660,CC(C)CC(=O)C(=O)N1CCC[C@H]1C(=O)OCCS(=O)(=O)c1ccccc1
CHEMBL13315,COc1ccc(C(=O)c2c(C)n(CCN3CCC(O)CC3)c3ccccc23)cc1
CHEMBL267015,COc1ccc2nc(N)n3nc(-c4ccco4)nc3c2c1
CHEMBL10911,CSc1ccc(C2(O)OC(=O)C(c3ccc4c(c3)OCO4)=C2Cc2ccccc2)cc1
CHEMBL10203,CCCN(CCC)c1cc(C)nc(N(CC)c2ccc(C(C)C)cc2Br)n1
CHEMBL11332,CN(C)c1ccc(-c2nc3c(=O)n(C)c(=O)n(C)c3[nH]2)cc1
CHEMBL268392,COc1cc2c(cc1OC)C1C(=O)c3ccc4c(c3OC1CO2)C(C)(C)C=CO4
CHEMBL12100,CCCCC[C@H](O)/C=C/C1[C@H](O)C[C@@H]2OC(=O)CCC/C=C\C[C@H]12
CHEMBL14575,C[C@]12CC[C@H]3[C@@H](CC[C@H]4CC(=O)CCN43)[C@@H]1CCC2=O
CHEMBL6268,Cc1cc(-n2ncc(=O)[nH]c2=O)ccc1C(O)c1ccccc1
CHEMBL14530,O=C(O)CCCCCCN1C(=O)CC[C@@H]1/C=C/C(O)C1CCCCC1
CHEMBL13142,COC[C@H]1OC(=O)c2coc3c2[C@@]1(C)C1=C(C3=O)[C@@H]2C[C@@H](OC(C)=O)C(=O)[C@@]2(C)C[C@H]1OC(C)=O
CHEMBL12427,O=C1Nc2cccc3c2C1(CCCCN1CCN(c2ccccc2)CC1)CCC3
CHEMBL7349,Cc1oc(-c2ccccc2)nc1COc1cccc(C#CC(C)n2oc(=O)[nH]c2=O)c1
CHEMBL8980,CNC(N)c1ccc(C[C@H](NS(=O)(=O)c2ccc3ccccc3c2)C(=O)N2CCCCCC2)cc1
CHEMBL269000,Clc1ccc(-c2c(Cl)cc(Cl)c(Cl)c2Cl)c(Cl)c1Cl
CHEMBL274347,COc1ccc2c(c1)S(=O)(=O)N(COC(=O)c1c(Cl)cccc1Cl)C2=O
CHEMBL273288,N[C@@H](Cc1ccc(O)cc1)C(=O)NCC(=O)NCC(=O)NC1CCc2ccccc21
CHEMBL276834,O=C(OC1CN2CCC1CC2)C(O)(c1ccccc1)c1cccc(F)c1
CHEMBL7245,CCCC/C(=C\Cn1oc(=O)[nH]c1=O)c1cccc(OCc2nc(-c3ccc(C(F)(F)F)cc3)oc2C)c1
CHEMBL273410,COc1ccc(-c2c(C(=O)O)n(-c3ccc4c(c3)OCO4)c3ccc(OCc4ccccc4)cc23)cc1
CHEMBL273758,COc1cc2nc(-c3cccc(N(C)C)c3)cc(O)c2cc1OC
CHEMBL7894,CCC(=O)C(Nc1ccc(Cl)cc1)NC(Cn1ccnc1)c1ccc(Cl)cc1Cl
CHEMBL275676,O=C(c1ccc(Cl)cc1Cl)C(O)(Cn1cncn1)c1ccc(F)cc1
CHEMBL440602,CC(C)N(CCC(CCN(C(C)C)C(C)C)(C(N)=O)c1ccccc1Br)C(C)C
CHEMBL13751,O=C(NCc1ccccc1)NC1CCCC(NC(=O)NCc2ccccc2)C1
CHEMBL8184,CCCCNc1c(C(=O)OCC)cnc2c1cnn2CC
CHEMBL6729,CC(=O)NCC1CN(c2ccc(-c3ccc(N4CCOCC4)c(=O)cc3)cc2)C(=O)O1
CHEMBL15665,CC1(C)C=C(C(=O)NCCCNCc2ccccn2)C(C)(C)N1
CHEMBL430310,C1=C(C2(C3=NCCN3)COc3ccccc3O2)CCC1
CHEMBL275080,N#CN1CCC(NS(=O)(=O)c2ccccc2)C1
CHEMBL273722,O=C(O)C12NC(Cc3ccccc31)c1ccccc12
CHEMBL14915,Cc1nsc(-c2ccc(N3CCN(c4cccc([N+](=O)[O-])c4)CC3)nn2)n1
CHEMBL6576,COc1nc(Br)cnc1NS(=O)(=O)c1cccc2ccccc12
CHEMBL15037,COC(=O)c1ccc(-c2cc(O)c(SCc3ccccc3)c(=O)o2)cc1
CHEMBL273537,CCCC/N=C(/Cc1ccccc1)Nc1nnc(-c2ccccc2C(F)(F)F)s1
CHEMBL7953,Oc1c(-c2ccsc2)nnc2nc3ccccc3n12
CHEMBL266461,CSc1nc(-c2cc(Cl)cc(Cl)c2)c(-c2cc(Cl)cc(Cl)c2)[nH]1
CHEMBL13312,Cn1c(=O)c2c(nc3n(Cc4ccccc4)c(O)c(CCO)c(=O)n23)n(C)c1=O
CHEMBL267249,COC(=O)C(C)(C)CCCOc1cccc(OCCCC(C)(C)C(=O)OC)c1NC(C)=O
CHEMBL8914,CCCC[C@@H](C[C@@H](CCc1ccc(-c2cccc3ccccc23)cc1)C(=O)N[C@H](C(=O)NC)C(C)(C)C)C(=O)O
CHEMBL13877,COC(=O)CCCCOc1cc(Cc2cnc(N)nc2N)cc(OC)c1OC
CHEMBL10753,COc1cc(NC(=O)COc2ccc(Cl)cc2)c(Cl)cc1C(=O)O
CHEMBL13897,Oc1ccc(-c2nnc3c4ccccc4c(N4CCCC4)nn23)cc1
CHEMBL276491,Cc1ccc(C(=O)C(O)(Cn2cncn2)c2ccc(C)cc2)cc1
CHEMBL417614,CN1CC=C(c2cn(-c3ccc(F)cc3)c3ccccc23)CC1
CHEMBL13099,CCN(CCCCC(C)(C)F)CCCC(O)c1ccc(NS(C)(=O)=O)cc1
CHEMBL13229,CCCc1c(O)n(Cc2ccc(OC)cc2)c2nc3c(c(=O)n(C)c(=O)n3C)n2c1=O
CHEMBL75,CC(=O)N1CCN(c2ccc(OC[C@H]3CO[C@](Cn4ccnc4)(c4ccc(Cl)cc4Cl)O3)cc2)CC1
CHEMBL12867,CCN(CC)CCOc1ccc(/C(=C/Cc2ccccc2)c2ccc(O)cc2)cc1
CHEMBL14712,CN1CCCC12c1ccccc1-c1nc(O)c3nccn3c12
CHEMBL266958,O=S(=O)(c1cccs1)N1Cc2ccccc2N(Cc2c[nH]cn2)C(CCc2ccccc2)C1
CHEMBL12044,COC(=O)C1=Cc2c([nH]c3ccccc23)C(c2cccnc2)N1
CHEMBL9338,CCCCCCCCC(=O)O[C@H](CC=C(C)C)C1=CC(=O)c2c(O)ccc(O)c2C1=O
CHEMBL15333,C/N=C(\NC#N)NCCCCn1nc(-c2ccccc2)ccc1=O
CHEMBL276013,CCNC(=O)N(CCCN(C)C)C(=O)[C@@H]1C[C@@H]2c3cc(C(C)(C)C)cc4[nH]cc(c34)C[C@H]2N(C)C1
CHEMBL8627,C[S+]([O-])c1ccc(Oc2cnc(O)nc2)cc1
CHEMBL7259,COc1ccccc1N1CCN(C(=O)c2cc3ccccc3[nH]2)CC1
CHEMBL275496,CN1CCN(CCN2CCC(c3cn(-c4ccc(F)cc4)c4ccc(Cl)cc34)CC2)C1=O
CHEMBL11671,COc1ccc(CCNCC(O)COc2ccc(-c3nc(-c4cccs4)c[nH]3)cc2)cc1OC
CHEMBL428352,CCCCN(C)C(=O)CCSC(Cc1ccc(OC)cc1)c1ccc(OC)cc1
CHEMBL10134,CCc1c(-c2ccccc2)nc2ccccc2c1C(=O)NC(CC)c1ccccc1
CHEMBL415285,COc1cc2nc(N3CCN(S(=O)(=O)c4ccc(C)cc4)CC3)nc(N)c2cc1OC
CHEMBL10420,CC(/C=C/C(=O)C1=C(O)CN(C)C1=O)=C\c1ccccn1
CHEMBL11190,Cc1ccc(S(=O)(=O)N[C@@H]2C3CC(c4ccc(F)cc4)(CO3)[C@H]2CCCCOCC(=O)O)cc1
CHEMBL261939,CC1CN(c2cc3c(cc2F)c(=O)c(C(=O)O)cn3C(C)C)CCN1
CHEMBL278968,C[C@H]1CN(C(=O)N2Cc3c(C(=O)OC(C)(C)C)ncn3-c3ccc(Cl)cc32)CCN1
CHEMBL275541,CN1C[C@@H](C(=O)c2cccs2)[C@H](c2ccc(Cl)cc2)C1
CHEMBL8546,COc1ccc(CC(=O)NC(C)C2CCC3C4CC=C5CC(O)CCC5(C)C4CCC23C)cc1
CHEMBL13014,CC(C)N(CCC(CCN(C(C)C)C(C)C)(C(N)=O)c1ccc(C(C)(C)C)cc1)C(C)C
CHEMBL275247,COc1cccc2c1OCCC2CNCCCc1ccccc1
CHEMBL274364,CCN(CCCCCC(C)(C)F)CCC[C@H](O)c1ccc(NS(C)(=O)=O)cc1.O=C(O)/C=C/C(=O)O
CHEMBL11353,CCC[C@H](NC(=O)C(CSC(=O)c1ccccc1)C(C)c1ccccc1)C(=O)O
CHEMBL498,CCCNC(=O)NS(=O)(=O)c1ccc(Cl)cc1
CHEMBL417081,CC(C)CCn1c(Cn2c(=O)n(C(N)=O)c3ccccc32)nc2ccccc21
CHEMBL14928,COc1ccc2nc(-c3ccc(O)cc3)cc(O)c2c1
CHEMBL415975,CC(C)Sc1ccc(CC2CCN(C3CCN(C(=O)c4ccc(S(N)(=O)=O)cc4)CC3)CC2)cc1
CHEMBL13254,CC[C@H](C(=O)Oc1c(OC)cc(C)cc1OC)N(CCOC)CCOC
CHEMBL11127,CCc1ccc(-c2nc3c(=O)n(C)c(=O)n(C)c3[nH]2)cc1
CHEMBL9363,O=P(O)(O)C(F)(F)c1ccc(CC(c2ccccc2)n2nnc3ccccc32)cc1
CHEMBL274392,CCOc1ccc(CC2=C(c3ccc(CCc4ccccc4)cc3)N3CCCN=C3c3ccccc32)cc1
CHEMBL276582,CCN1CCCC1CNC(=O)c1cc(N(C)S(=O)(=O)N(C)C)c(Cl)cc1OC
CHEMBL275470,O=C1NC(=O)C(CC#Cc2ccc(Cl)cc2)(S(=O)(=O)c2ccccc2)S1
CHEMBL9991,CC(C)(C)C(=O)Oc1ccc(C(=O)c2ccccc2)cc1CCC(=O)O
CHEMBL12810,CCCCc1nc(CCCC)n(Cc2ccc(-n3cccc3-c3nn[nH]n3)cc2)n1
CHEMBL268414,CC1(C)N=C(N)N=C(N)N1c1cccc(I)c1
CHEMBL11154,CCn1c(=O)c2nc(-c3cccc(S(=O)(=O)O)c3)[nH]c2n(CC)c1=O
CHEMBL11708,Cc1[nH]c(-c2cccc(Cl)c2)c(-c2cccc(Cl)c2)c1-c1ccc(F)cc1
CHEMBL12291,CC(C)Sc1ccc(CC2CCN(C3CCN(C(=O)c4ccccc4F)CC3)CC2)cc1
CHEMBL8440,CCCCCC(C)(O)c1cccc(OCc2ccccn2)c1
CHEMBL13982,NS(=O)(=O)c1ccccc1NSC(=S)N1CCOCC1
CHEMBL427826,CC1(C)N=C(N)N=C(N)N1c1ccc(C(F)(F)F)cc1
CHEMBL14225,CCOC(=O)C1CC2(COCc3ccccc3)C(=O)N(CCC3=CCCCC3)CC(=O)N2C1c1ccco1
CHEMBL15491,CN(C)C(=O)CCSC(SCCC(=O)O)c1cccc(SCc2ccc3ccc(Cl)cc3n2)c1
CHEMBL10867,CC(C)C(NC(=O)Cn1c(-c2cccs2)ncc(NC=O)c1=O)C(=O)C(F)(F)F
CHEMBL268237,C[C@@H]1CC2=CC(=O)CCC2C2CC[C@@]3(C)C(CC[C@@]3(O)/C=C/I)C21
CHEMBL12585,CC1(C)CCC(C)(C)c2cc(/C=C/c3ccc(C(=O)O)cc3)ccc21
CHEMBL7534,Cc1cc(-c2c(F)cc3c(=O)c(Cc4ccc(O)cc4)cn(C4CC4)c3c2F)cc(C)n1
CHEMBL14119,CC1CCC(=NNc2ccccc2C(=O)O)c2ncc(C(=O)NO)c(=O)n21
CHEMBL13080,COC(=O)CC(C(=O)Oc1c(OC)cccc1OC)N1CCCCC1
CHEMBL268174,COc1nc(C)cnc1NS(=O)(=O)c1cccc2c(N(C)C)cccc12
CHEMBL266098,O=C1[C@@H](NS(=O)(=O)c2ccc(-c3ccccn3)s2)CCN1Cc1cc2[nH]cccc-2n1
CHEMBL12910,O=C1NCCN1CCN1CCC(c2cn(-c3ccc(F)cc3)c3ccc(C(F)(F)F)cc23)CC1
CHEMBL8667,CCCCCC(O)c1cccc(OCc2cccc(C#N)c2)c1
CHEMBL267616,COc1ccc(CC2CCc3nc(N)nc(N)c3C2)cc1OC
CHEMBL269685,C=CCc1c(O)n(Cc2ccccc2)c2nc3c(c(=O)n(C)c(=O)n3C)n2c1=O
CHEMBL11250,CC1CCC2N(C1)CC1[C@](O)(C(O)C[C@@]3(O)C4CCC5C6(O)OC4(C[C@@]13O)C5(C)CCC6O)[C@]2(C)O
CHEMBL12302,Cc1cc(/C=C/c2cc(C(C)(C)C)c(O)c(C(C)(C)C)c2)on1
CHEMBL7039,O=C(Oc1ccc2[nH]c(C(=O)c3cc4ccccc4[nH]3)cc2c1)c1cccc(Oc2ccccc2)c1
CHEMBL10980,COc1cc(CC(C)NC(C)C)c(OC)cc1I
CHEMBL14825,CC(=O)N[C@@H](CC(C)C)C(=O)N[C@H](C(=O)N[C@@H](Cc1ccc(O)cc1)C(=O)NCC(N)=O)C(C)C
CHEMBL274555,CN(C)CCCOc1cc(C(=O)Nc2ccc3[nH]ccc3c2)n(Cc2ccccc2)n1
CHEMBL10831,CCCCCCCCCCCCNC(C)Cc1cc(OC)c(I)cc1OC
CHEMBL13747,CC(=O)O.CCN(CCc1cccs1)C(=O)CNC(=O)[C@@H](CCCN=C(N)N)NC(=O)[C@@H](N)Cc1ccc(O)cc1
CHEMBL14076,COc1cc2c(cc1C(F)(F)F)N(C(=O)Nc1cccc(-c3cccnc3C)c1)CC2
CHEMBL7132,C[C@@H](N)Cc1c2ccoc2c(C(F)(F)F)c2ccoc12.Cl
CHEMBL7448,COc1ccc2c(ccc3oc([N+](=O)[O-])cc32)c1Br
CHEMBL10115,COc1cccc2c1CCC[C@H]2CN(C)CCc1ccc2nc(O)oc2c1
